크롤링시간,지역,가게이름,아이디,몇시간전,주문내용,댓글,맛,양,배달,사장,사진주소
2시간 전,사동,BHC-안산사동점,ru**님,2시간 전,"뿌링핫도그/2,뿌링소떡/2,빨간소떡/2",잘 먹었습니다~~~,5,5,5,----사장님 답글이 없어요 ----,이미지는 없어요
16시간 전,사동,BHC-안산사동점,sy**님,16시간 전,"맛초킹 콤보/1(변경&추가(뿌링뿌링소스 추가),디저트(달콤바삭치즈볼))",매콤하고 맛있어서  자주 먹습니다,4,4,4,----사장님 답글이 없어요 ----,https://rev-static.yogiyo.co.kr/6b2a19ea9ca2c420b4c87f6b0cfa5d8d_tn.jpg
2일 전,사동,BHC-안산사동점,lo**님,2일 전,"하바네로 포테킹 후라이드/1,뿌링클 콤보＋치즈볼/1","너무너무 맛있었어요.포테킹 처음먹어보는데 정말 정말 맛있었고, 다이어리도 왔는데 너무예뻐요 .뿌링클은 정말 인생치킨이예요. 요청사항도 친절히들어주시고 치킨이따뜻하게 와서 너무좋네요.치즈볼도 최고예요.",5,5,5,----사장님 답글이 없어요 ----,https://rev-static.yogiyo.co.kr/ea1b288fa35663d2b9fb447899476af2_tn.jpg
4일 전,사동,BHC-안산사동점,ch**님,4일 전,매운맛양념치킨/1(옵션(콜라1.25L)),치킨은 역시 BHC!! 오랜만에 시켜먹었는데 너무 맛있어요👍 다음에 또 시켜먹을게요😊,5,5,5,----사장님 답글이 없어요 ----,https://rev-static.yogiyo.co.kr/36e65a0c72c7f9e566c2462a939c3726_tn.jpg
4일 전,사동,BHC-안산사동점,ho**님,4일 전,하바네로 포테킹 후라이드/1,엄마 맛있데요.전 잘 모르겠어요,3,3,3,----사장님 답글이 없어요 ----,이미지는 없어요
5일 전,사동,BHC-안산사동점,lo**님,5일 전,"뿌링클 콤보/1,맛초킹 콤보/1",맛있게 잘 먹었습니다,5,5,5,----사장님 답글이 없어요 ----,이미지는 없어요
5일 전,사동,BHC-안산사동점,dl**님,5일 전,뿌링클（반）＋치즈볼/1,잘 먹었습니다~~~~,5,5,5,----사장님 답글이 없어요 ----,https://rev-static.yogiyo.co.kr/dd3909c3d13b328df2c31d117f1ca57b_tn.jpg
6일 전,사동,BHC-안산사동점,gu**님,6일 전,후라이드 반／양념 반/1,맛잇게 잘먹었습니다~~~!,5,5,5,----사장님 답글이 없어요 ----,https://rev-static.yogiyo.co.kr/edc3c8a0a62fc206bc7b81477417bba1_tn.jpg
6일 전,사동,BHC-안산사동점,db**님,6일 전,뿌링클순살/1(디저트(뿌링치즈볼)),제가 지난 몇년간 몇 번이나 시켜먹었을까요? 뿌링클만해도 족히 삼십번은 먹지 않았을까 싶은데 항상 믿고 먹는 곳이에요 맛있어요,5,5,5,----사장님 답글이 없어요 ----,이미지는 없어요
6일 전,사동,BHC-안산사동점,ho**님,6일 전,뿌링클/1,맛있었어요! 뿌링클 가루 양이 많아서 좋은 거 같아요.,4,4,5,----사장님 답글이 없어요 ----,https://rev-static.yogiyo.co.kr/0404eca5fe629c4de9c3173408b6f287_tn.jpg
6일 전,사동,BHC-안산사동점,co**님,6일 전,포테킹 후라이드/1,맛있게 잘 먹었습니다~,5,5,4,----사장님 답글이 없어요 ----,이미지는 없어요
2021년 10월 25일,사동,BHC-안산사동점,da**님,2021년 10월 25일,핫후라이드/1,변함없는 맛!!! 언제나 맛있어요^^,5,5,5,----사장님 답글이 없어요 ----,https://rev-static.yogiyo.co.kr/5517246e06062f4d791b5b71ae5b4df6_tn.jpg
2021년 10월 25일,사동,BHC-안산사동점,ba**님,2021년 10월 25일,맛초킹/1,안녕하세요저는 bhc맛초킹러버입니다.여긴 닭이 너무딱딱해요치킨튀겨본적이없어서 왜 이렇게 살이 딱딱해지는지 모르겠지만 탄건지뭔지 육포같이 딱딱해서 턱이 아립니다. 튀기고나서 말린거같기도하고 일단 닭다리하고 날개만집어먹고 다른부위를 질겅질겅씹다가 사각턱될거같아서 다 버리게됐네요. 제가 복불복에 잘못걸렸다 생각하고 재주문은 하지않겠습니다.,3,5,4,죄송합니다맛쵸킹에 입히는 고구마 감자전분으로 정제수를 섞어서 조리하는데 이때정제수양이 더 많이들어가면  묽어져서 질기거나딱딱해지는데  주문하나하나정성들여 조리를 했어야했는데 정말죄송스럽습니다조리사들에게 다시 재교육하고 고객님같이실망을드리는일이없도록  하겠습니다,이미지는 없어요
2021년 10월 25일,사동,BHC-안산사동점,el**님,2021년 10월 25일,하바네로 포테킹 후라이드/1,가게가 집 근처에 있어 자주 배달 시켜 먹어요.포테킹 지난번에 먹었을때는 느끼한 맛이 강했는데 이번에는 바삭하고 고소한게 참 맛있네요. 함께온 할라피뇨 소스낭도 궁합이 잘 맞아 느끼하지 않게 잘 먹었습니다.,5,5,5,겉에 붙는 감자가 기름을 많이 먹어서 완전새기름아니면  느끼할수있습니다,https://rev-static.yogiyo.co.kr/9dc94fe658ae23cb70a97a6a55826c66_tn.jpg
2021년 10월 25일,사동,BHC-안산사동점,yu**님,2021년 10월 25일,맛초킹순살/1(디저트(케이준프라이)),맛있게 잘먹었습니다,5,5,5,감사합니다 ,https://rev-static.yogiyo.co.kr/e45950920244c2d507a04d331ca24f95_tn.jpg
2021년 10월 25일,사동,BHC-안산사동점,im**님,2021년 10월 25일,뿌링클/1(옵션(콜라1.25L)),일찍받고 맛있게 먹었어요,5,5,5,감사합니다 ,이미지는 없어요
2021년 10월 24일,사동,BHC-안산사동점,qe**님,2021년 10월 24일,뿌링클（반）＋치즈볼/1(디저트(뿌링감자)),너무 맛있어서 금방 다먹었어요••^^,5,5,5,감사합니다 ,https://rev-static.yogiyo.co.kr/11f9122baeeb5c3057f7bfabc8181620_tn.jpg
2021년 10월 24일,사동,BHC-안산사동점,ch**님,2021년 10월 24일,"맛초킹 콤보/1(디저트(뿌링소떡),옵션(콜라1.25L))",배달빠르고 치킨맛잇음,5,5,5,----사장님 답글이 없어요 ----,이미지는 없어요
2021년 10월 24일,사동,BHC-안산사동점,rl**님,2021년 10월 24일,뿌링클/1,맛있어요또시킬게요오,5,5,5,----사장님 답글이 없어요 ----,이미지는 없어요
2021년 10월 24일,사동,BHC-안산사동점,ah**님,2021년 10월 24일,맛초킹（반）＋치즈볼/1,새로생기고 첨주문했는데 1인이먹기딱이고 매운맛보다짭짤해서 치밥으로넘좋은메뉴예요~~^^,5,5,5,----사장님 답글이 없어요 ----,https://rev-static.yogiyo.co.kr/299e7084a6a923d65d9e0dbd3afacded_tn.jpg
2021년 10월 24일,사동,BHC-안산사동점,zo**님,2021년 10월 24일,"빅콜팝/1(변경&추가(뿌링뿌링소스 추가),디저트(케이준프라이))",맛있게 잘먹었습니다,5,5,5,----사장님 답글이 없어요 ----,이미지는 없어요
2021년 10월 24일,사동,BHC-안산사동점,au**님,2021년 10월 24일,후라이드 반／양념 반/1,오늘도 잘 먹었습니다,5,5,5,----사장님 답글이 없어요 ----,이미지는 없어요
2021년 10월 24일,사동,BHC-안산사동점,je**님,2021년 10월 24일,뿌링클/1,배부르게 잘 먹었습니다😀,5,5,5,----사장님 답글이 없어요 ----,https://rev-static.yogiyo.co.kr/b781c9510cc6efa91767ea8365cc910b_tn.jpg
2021년 10월 23일,사동,BHC-안산사동점,oi**님,2021년 10월 23일,뿌링클 콤보＋치즈볼/1,뿌링클 뭐.. 긴말이 필요없죠🤗,5,5,5,----사장님 답글이 없어요 ----,이미지는 없어요
2021년 10월 23일,사동,BHC-안산사동점,so**님,2021년 10월 23일,뿌링클 스틱/1,빠르게 음식 받았구요~!역시 갓입니다^^!!맛있네요~^^,5,5,5,----사장님 답글이 없어요 ----,https://rev-static.yogiyo.co.kr/687e0539e7826027a8fffd119234a8f7_tn.jpg
2021년 10월 23일,사동,BHC-안산사동점,bj**님,2021년 10월 23일,커리퀸순살/1(디저트(뿌링치즈볼)),뿌링클만 먹었었는데 커리퀸도 아주 훌륭하네요,5,5,5,----사장님 답글이 없어요 ----,https://rev-static.yogiyo.co.kr/1c8fa5b36a8b6d63819aa0352d29bfa3_tn.jpg
2021년 10월 23일,사동,BHC-안산사동점,b.**님,2021년 10월 23일,"맛초킹 콤보＋치즈볼/1(변경&추가(뿌링 치즈볼로 변경),옵션(콜라1.25L))",잘먹었습니다 감사합니다,5,5,5,----사장님 답글이 없어요 ----,https://rev-static.yogiyo.co.kr/a13a6bf7d53ea52a724e319243e6ed11_tn.jpg
2021년 10월 23일,사동,BHC-안산사동점,b.**님,2021년 10월 23일,"골드킹/1(디저트(뿌링소떡),옵션(치킨무)),스프라이트 1.5L/1",잘먹었습니다 감사합니다,5,5,5,----사장님 답글이 없어요 ----,https://rev-static.yogiyo.co.kr/7de3998fb1972260de868d11f525fcc0_tn.jpg
2021년 10월 23일,사동,BHC-안산사동점,na**님,2021년 10월 23일,뿌링클/1,치킨도 맛있는데 서비스 콜라가 코카콜라여서 좋아요 ㅎ,5,5,5,----사장님 답글이 없어요 ----,https://rev-static.yogiyo.co.kr/ce38c8d01624b66df21096b04b6769bb_tn.jpg
2021년 10월 23일,사동,BHC-안산사동점,se**님,2021년 10월 23일,뿌링클 콤보/1,많이 식어서 왔어요..ㅜㅜㅠㅠ 그래서 원래 뿌링클 좋아하능데 ..,3,5,3,----사장님 답글이 없어요 ----,https://rev-static.yogiyo.co.kr/cb8f980c922d3ffc4b989f2f5e366e6f_tn.jpg
2021년 10월 22일,사동,BHC-안산사동점,ma**님,2021년 10월 22일,뿌링클 스틱/1(디저트(뿌링치즈볼)),넘 넘 맛있죠~여긴 왠지 깨끗할것같아요 ㅎㅎ,5,5,5,----사장님 답글이 없어요 ----,https://rev-static.yogiyo.co.kr/dff57c6c8197ad7df428c498f5dd7247_tn.jpg
2021년 10월 22일,사동,BHC-안산사동점,ye**님,2021년 10월 22일,핫후라이드/1,맛있어요 ㅎㅎ 또 시킬게요,5,5,5,----사장님 답글이 없어요 ----,https://rev-static.yogiyo.co.kr/2a4735e58e13aae3d6f3b54464e9ba39_tn.jpg
2021년 10월 22일,사동,BHC-안산사동점,re**님,2021년 10월 22일,"후라이드 콤보/1,생맥주1000cc/2",맛있게  잘  먹었습니다~,5,5,5,----사장님 답글이 없어요 ----,https://rev-static.yogiyo.co.kr/7d80407ea44e732d03a56f15c1f29122_tn.jpg
2021년 10월 22일,사동,BHC-안산사동점,bq**님,2021년 10월 22일,뿌링클 윙/1,맛있어서 자주시켜 먹어요^^,5,5,5,----사장님 답글이 없어요 ----,이미지는 없어요
2021년 10월 22일,사동,BHC-안산사동점,sp**님,2021년 10월 22일,"후라이드 반／양념 반/1,왕콜팝/1",잘먹었습니다..~~^^,5,5,5,----사장님 답글이 없어요 ----,https://rev-static.yogiyo.co.kr/55c16d9a1180319f6113417ecdc83265_tn.jpg
2021년 10월 21일,사동,BHC-안산사동점,ty**님,2021년 10월 21일,로젤킹/1,젤리 녹여 먹는건지 아님 따로 먹는건지둘다 해봤는데 따로 먹는게 낫네요 ㅎㅎ젤리도 맛나고 치킨 양념도 맛있습니다.,5,5,5,----사장님 답글이 없어요 ----,https://rev-static.yogiyo.co.kr/641cd907fd2c238fa0c04f2b9a680094_tn.jpg
2021년 10월 21일,사동,BHC-안산사동점,pk**님,2021년 10월 21일,후라이드 콤보/1,치맥하기 좋은 메뉴입니다. 강력추천해요! 딱좋아요,5,5,5,----사장님 답글이 없어요 ----,https://rev-static.yogiyo.co.kr/d1016f5db0c943dbeed101b86ad70c57_tn.jpg
2021년 10월 21일,사동,BHC-안산사동점,qn**님,2021년 10월 21일,뿌링클 콤보＋치즈볼/1(옵션(콜라1.25L)),역시 뿌링클은 너무 마싯네요ㅠㅠ 넘  마싯게 잘먹었어욘ㅎㅎ 자주 시켜먹겠습니다!,5,5,5,----사장님 답글이 없어요 ----,https://rev-static.yogiyo.co.kr/ff56ab5a375d5e873c7ddc8941b82a70_tn.jpg
2021년 10월 20일,사동,BHC-안산사동점,le**님,2021년 10월 20일,양념치킨/1,맨날 뿌링클만 먹구 양념은 처음 먹었는데 진짜 대박….. 완전 맛있어요!!!!! 양념도 듬뿍 주시고 배달도 엄청 빨리왔어요 또 시켜먹을게요!!!!!!,5,5,5,----사장님 답글이 없어요 ----,이미지는 없어요
2021년 10월 20일,사동,BHC-안산사동점,di**님,2021년 10월 20일,후라이드/1,맛있어요~^^ 앞으로 자주시킬거같아요,5,5,5,----사장님 답글이 없어요 ----,https://rev-static.yogiyo.co.kr/8c6d25087d3f626a6a06991fdf1af0f6_tn.jpg
2021년 10월 20일,사동,BHC-안산사동점,tl**님,2021년 10월 20일,뿌링클 콤보/1(변경&추가(맵소사소스 추가)),항상 여기서만 먹네요,5,5,5,----사장님 답글이 없어요 ----,이미지는 없어요
2021년 10월 20일,사동,BHC-안산사동점,a0**님,2021년 10월 20일,후라이드 반／양념 반/1,너무 맛있고 양도 많아요!,5,5,5,----사장님 답글이 없어요 ----,https://rev-static.yogiyo.co.kr/1580ceb96d959df6441817c6a089482a_tn.jpg
2021년 10월 20일,사동,BHC-안산사동점,rl**님,2021년 10월 20일,뿌링클 콤보＋치즈볼/1,아주좋아요 추천해드립니다 ㅊㅊ,5,5,5,----사장님 답글이 없어요 ----,이미지는 없어요
2021년 10월 20일,사동,BHC-안산사동점,cj**님,2021년 10월 20일,핫후라이드/1,매콤하이 맛있네요 굿,5,5,5,----사장님 답글이 없어요 ----,https://rev-static.yogiyo.co.kr/9e87429825b53b3762e9513522bf7f1f_tn.jpg
2021년 10월 19일,사동,BHC-안산사동점,hw**님,2021년 10월 19일,후라이드 반／양념 반/1,맛있게 잘 먹었습니다,5,5,5,----사장님 답글이 없어요 ----,https://rev-static.yogiyo.co.kr/879519c7d46833ee7073f809f5e3784c_tn.jpg
2021년 10월 18일,사동,BHC-안산사동점,ks**님,2021년 10월 18일,"뿌링클 콤보/1(디저트(뿌링치즈볼),옵션(콜라1.25L))",굿굿 맛나요 맛나 또 시킬께요,5,5,5,----사장님 답글이 없어요 ----,이미지는 없어요
2021년 10월 18일,사동,BHC-안산사동점,dm**님,2021년 10월 18일,뿌링클/1,살이 야들 촉촉해요 ㅠㅠ 존맛탱,5,5,5,----사장님 답글이 없어요 ----,https://rev-static.yogiyo.co.kr/6b2d0e67803c25ed63f0b11f74e0fe70_tn.jpg
2021년 10월 18일,사동,BHC-안산사동점,ki**님,2021년 10월 18일,"뿌링클/1,양념치킨/1",굿 맛있게 잘 먹었습니다,5,5,5,----사장님 답글이 없어요 ----,https://rev-static.yogiyo.co.kr/bf71e6ebc868bf196fca999e32ae2be8_tn.jpg
2021년 10월 17일,사동,BHC-안산사동점,ba**님,2021년 10월 17일,로젤킹/1(옵션(콜라1.25L)),※주의※ 젤리치킨 먹을 땐 치킨무 빼달라고 하시오. 치킨무가 필요 없을정도로 새콤합니다,5,5,5,----사장님 답글이 없어요 ----,https://rev-static.yogiyo.co.kr/3e958155429b0e624358585ceb26c6ed_tn.jpg
2021년 10월 17일,사동,BHC-안산사동점,me**님,2021년 10월 17일,맛초킹 콤보＋치즈볼/1,항상 시켜먹는 지점이예요 나무 맛있어요 닭도 바삭하게 잘튀겨주시고 요청사항도 항상 잘들어주세요 신속한건 말할것도없고 최고에요!,5,5,5,----사장님 답글이 없어요 ----,https://rev-static.yogiyo.co.kr/0273bf436a901263fe23843b82a61e7a_tn.jpg
2021년 10월 17일,사동,BHC-안산사동점,ja**님,2021년 10월 17일,레드킹 스틱/1,레드킹스틱은 매일먹을수있어요ㅠㅜㅠ,5,5,5,----사장님 답글이 없어요 ----,https://rev-static.yogiyo.co.kr/0dd8047621a7459a062480899fc22eb0_tn.jpg
2021년 10월 17일,사동,BHC-안산사동점,it**님,2021년 10월 17일,"뿌링클/1(변경&추가(뿌링뿌링소스 추가),옵션(콜라1.25L,치킨무))",너무맛있게 잘먹었습니다,5,5,5,----사장님 답글이 없어요 ----,이미지는 없어요
2021년 10월 16일,사동,BHC-안산사동점,jj**님,2021년 10월 16일,뿌링클 콤보＋치즈볼/1(변경&추가(뿌링 치즈볼로 변경)),역시 믿고 먹는👍 잘 먹었습니다!,5,5,5,----사장님 답글이 없어요 ----,https://rev-static.yogiyo.co.kr/1e2a1d353da5be5493719c4e9ec1cfc1_tn.jpg
2021년 10월 16일,사동,BHC-안산사동점,ps**님,2021년 10월 16일,"뿌링클/1(변경&추가(뿌링뿌링소스 추가),디저트(달콤바삭치즈볼))",리뷰이벤트로 치즈스틱 주시고 너무 맛있고 빠른 배송 감사합니다.,5,5,5,----사장님 답글이 없어요 ----,https://rev-static.yogiyo.co.kr/fe67cf52d8e8d3ef766cc21dcd61d0fa_tn.jpg
2021년 10월 15일,사동,BHC-안산사동점,hx**님,2021년 10월 15일,맛초킹 콤보/1,배달은 늦었지만 맛있었어요,5,5,3,----사장님 답글이 없어요 ----,https://rev-static.yogiyo.co.kr/4a4e2c5400859fe8c4edb8d97b8f34e5_tn.jpg
2021년 10월 15일,사동,BHC-안산사동점,al**님,2021년 10월 15일,로젤킹/1(옵션(콜라1.25L)),젤리 따로먹으면 맛있습니다 양도많고 다음날 먹어도 맛있습니다 꾸덕꾸덕한 소스인데 바삭한 식감도 살아있습니다,5,5,5,----사장님 답글이 없어요 ----,https://rev-static.yogiyo.co.kr/e3583e90a28a1e4e1f152902b472977c_tn.jpg
2021년 10월 12일,사동,BHC-안산사동점,ja**님,2021년 10월 12일,핫후라이드/1,"오랜만에 생각나서 시켰는데변함없는 빠른 바달시간, 맛, 바삭함이 너무 좋네요역시 bhc는 핫후라이드인것같습니다 ㅎㅎ",5,5,5,----사장님 답글이 없어요 ----,https://rev-static.yogiyo.co.kr/9849ef916f119b7dba80f3b51e0c7d7f_tn.jpg
2021년 10월 11일,사동,BHC-안산사동점,dk**님,2021년 10월 11일,로젤킹/1,잘 먹었습니다!!!,5,5,5,----사장님 답글이 없어요 ----,https://rev-static.yogiyo.co.kr/9075824e0007e3ddae15a4964fab060c_tn.jpg
2021년 10월 11일,사동,BHC-안산사동점,rl**님,2021년 10월 11일,핫후라이드/1,후라이드 종결입니다,5,5,5,----사장님 답글이 없어요 ----,https://rev-static.yogiyo.co.kr/165526e9ab273cf9438fca41df45d0a9_tn.jpg
2021년 10월 11일,사동,BHC-안산사동점,kj**님,2021년 10월 11일,로젤킹/1(옵션(콜라1.25L)),엄청 맛있었어요 배달도 빠르고,5,5,5,----사장님 답글이 없어요 ----,https://rev-static.yogiyo.co.kr/87d25c3ba3f9b6dca9bceca108ca49ac_tn.jpg
2021년 10월 11일,사동,BHC-안산사동점,gu**님,2021년 10월 11일,로젤킹/1,젤리 따로 달라고했더니 따로 주시고 먹을만했습니다~!!,5,5,5,----사장님 답글이 없어요 ----,https://rev-static.yogiyo.co.kr/b9d85c7df1e642aeb2b79c7bcb668d40_tn.jpg
2021년 10월 11일,사동,BHC-안산사동점,ba**님,2021년 10월 11일,로젤킹/1,신메뉴 이거 엄청 맛있네요,5,5,5,----사장님 답글이 없어요 ----,https://rev-static.yogiyo.co.kr/819275c0f766c5dc063f2911cb5782fe_tn.jpg
2021년 10월 10일,사동,BHC-안산사동점,bu**님,2021년 10월 10일,"뿌링치즈볼/1(디저트(뿌링소떡,빨간소떡)),뿌링감자/1",왠지 오늘은 사이드메뉴가 먹고 싶어져서 이것저것 시켜먹어 봤는데 다 넘 맛있네요~~ 뿌링치즈볼 크기도 크고 굿굿.. 다만 감튀는 좀 늦게 먹으면 축축해지니까 빨리 드셔야돼요! 개인적으로 소떡소떡은 빨간소떡? 매운맛이 더 좋았어요~!,5,5,5,----사장님 답글이 없어요 ----,https://rev-static.yogiyo.co.kr/1fa29ee902ee8d783a32d69493183fc5_tn.jpg
2021년 10월 10일,사동,BHC-안산사동점,w9**님,2021년 10월 10일,로젤킹/1,맛있게 잘 먹었습니다~,5,5,5,----사장님 답글이 없어요 ----,https://rev-static.yogiyo.co.kr/119827c4c77746996a73034563ac423c_tn.jpg
2021년 10월 10일,사동,BHC-안산사동점,kk**님,2021년 10월 10일,로젤킹 순살/1,이건 아니야 ㅠ 로젤킹 시키지마요 딴거 드세요,1,4,5,----사장님 답글이 없어요 ----,https://rev-static.yogiyo.co.kr/7edbc67be62218a47e48b9995205c07b_tn.jpg
2021년 10월 10일,사동,BHC-안산사동점,ll**님,2021년 10월 10일,뿌링클순살/1(디저트(뿌링치즈볼)),💜푸짐맥스💜리뷰 이벤트 했는데 뿌링 치즈스틱 주는 거 실화입니까?!?!!! 맛도 너무 좋고ㅠㅠㅠ감동햏어요!!,5,5,5,----사장님 답글이 없어요 ----,https://rev-static.yogiyo.co.kr/7bf395fb7880c0fff1f9480072399c7e_tn.jpg
2021년 10월 9일,사동,BHC-안산사동점,an**님,2021년 10월 9일,로젤킹 순살/1,맛있어요오오오오오오,5,5,5,----사장님 답글이 없어요 ----,https://rev-static.yogiyo.co.kr/dd67803ca7f5934d89b8885a053f4ea1_tn.jpg
2021년 10월 9일,사동,BHC-안산사동점,sh**님,2021년 10월 9일,후라이드 반／양념 반/1,할인된가격에 저렴하게 맛있게 잘먹었어요!,5,5,5,----사장님 답글이 없어요 ----,https://rev-static.yogiyo.co.kr/2eb646248f6f2dc2662d5979573b336d_tn.jpg
2021년 10월 9일,사동,BHC-안산사동점,ra**님,2021년 10월 9일,로젤킹/1,로젤킹 말이 많아서 걱정했는데젤리도 따로 주고 로제소스도 맛나요 ㅎ,5,5,5,----사장님 답글이 없어요 ----,https://rev-static.yogiyo.co.kr/52c03cfbb74455ae70615ed679400ac8_tn.jpg
2021년 10월 9일,사동,BHC-안산사동점,sk**님,2021년 10월 9일,로젤킹/1,배달도 빠르고 달짝지근하니 맛있어요. 젤리는 다른 분이 따로 챙겨 먹어버렸네요. 추천합니다,5,5,5,----사장님 답글이 없어요 ----,https://rev-static.yogiyo.co.kr/d0e9a41d790e4b41763c0e3d3b33b2b4_tn.jpg
2021년 10월 8일,사동,BHC-안산사동점,in**님,2021년 10월 8일,"후라이드/1(디저트(뿌링핫도그),옵션(콜라1.25L,양념소스,치킨무))","역시 치킨은 bhc, 특히 겉바 속촉 잘 튀기네요강츄",4,4,4,----사장님 답글이 없어요 ----,이미지는 없어요
2021년 10월 8일,사동,BHC-안산사동점,12**님,2021년 10월 8일,로젤킹/1,맛있게 잘 먹었어요 ~ 이 메뉴는 처음으로 먹었는데 생각보다 괜찮네요~ 맛있어요~,5,5,5,----사장님 답글이 없어요 ----,https://rev-static.yogiyo.co.kr/e7317ed1578a52df8bdceb097c70484d_tn.jpg
2021년 10월 8일,사동,BHC-안산사동점,tj**님,2021년 10월 8일,"뿌링클/1,케이준프라이/1",굳!! 좋아여 ㅎㅎ호,5,5,5,----사장님 답글이 없어요 ----,https://rev-static.yogiyo.co.kr/7c6cd3272c2b1bc9014288ca257e7ffe_tn.jpg
2021년 10월 8일,사동,BHC-안산사동점,ez**님,2021년 10월 8일,"로젤킹/1,후라이드/1",사진은 찍고 시식을 했는데 문제는 저장없이 먹는데 집중을 하다보니 예전 사진이 있어 올려봅니다.그리고 신메뉴가 저에게는 참으로 맛있었어요. 허나 집에 있는 가족들은 느끼하다며 김치랑 같이 먹었네요. 호불호가 갈리는 맛이네요.,5,5,5,----사장님 답글이 없어요 ----,https://rev-static.yogiyo.co.kr/2f68ec40d2fb4a1d41e12169c697e55d_tn.jpg
2021년 10월 7일,사동,BHC-안산사동점,jj**님,2021년 10월 7일,골드킹 콤보＋치즈볼/1,다른 매장보다 더 맛있는것 같아요. 가까워서 엄청 따뜻해서 더 좋습니다. 오랜 시간동안 이용하는곳이지만 한결같아 더 좋아요.,5,5,5,----사장님 답글이 없어요 ----,이미지는 없어요
2021년 10월 7일,사동,BHC-안산사동점,cj**님,2021년 10월 7일,뿌링클/1,따뜻하고 소스도 충분하고 너무 맛있어요,5,5,5,----사장님 답글이 없어요 ----,https://rev-static.yogiyo.co.kr/9a636a87c362ebb08696d0ab936c2f31_tn.jpg
2021년 10월 7일,사동,BHC-안산사동점,pa**님,2021년 10월 7일,"골드킹 콤보/1,뿌링클/1(디저트(뿌링치즈볼))",많네요,3,3,5,----사장님 답글이 없어요 ----,이미지는 없어요
2021년 10월 7일,사동,BHC-안산사동점,to**님,2021년 10월 7일,뿌링클순살/1,뿌링클은 역시👍 뿌링치즈스틱도 맛나요😄👍,5,5,5,----사장님 답글이 없어요 ----,https://rev-static.yogiyo.co.kr/8c29e2085d13f2da54102874a150be11_tn.jpg
2021년 10월 7일,사동,BHC-안산사동점,ki**님,2021년 10월 7일,뿌링클 콤보＋치즈볼/1,시간맞추어  보내주어서  감사했어요잘먹었어요,5,5,5,----사장님 답글이 없어요 ----,이미지는 없어요
2021년 10월 6일,사동,BHC-안산사동점,ju**님,2021년 10월 6일,후라이드 반／양념 반/1,앗있어요 아들이 좋아하네요~ 먹느라 사진을 못 찍었ㅠㅜ,5,5,5,----사장님 답글이 없어요 ----,이미지는 없어요
2021년 10월 4일,사동,BHC-안산사동점,ay**님,2021년 10월 4일,맛초킹 콤보/1,이틀동안 3번시켜본건 처음인거같아요7살딸아이도 반한 맛초킹 단짠단짠한맛에 반했나봐용,4,4,4,----사장님 답글이 없어요 ----,이미지는 없어요
2021년 10월 4일,사동,BHC-안산사동점,dk**님,2021년 10월 4일,뿌링클 콤보/1,좋아요좋아요좋아요!,5,5,5,----사장님 답글이 없어요 ----,이미지는 없어요
2021년 10월 3일,사동,BHC-안산사동점,bo**님,2021년 10월 3일,뿌링클순살/1,배달 매우빠름 ☆☆☆☆☆뜨거움 ☆☆☆☆☆ (입데일뻔)양많음 ☆☆☆☆☆진짜 최곱니당,5,5,5,----사장님 답글이 없어요 ----,이미지는 없어요
2021년 10월 3일,사동,BHC-안산사동점,r_**님,2021년 10월 3일,맛초킹 콤보/1,깔끔한 맛. 재부르게 잘먹었습니다.,5,5,5,----사장님 답글이 없어요 ----,이미지는 없어요
2021년 10월 2일,사동,BHC-안산사동점,se**님,2021년 10월 2일,"뿌링클/1,생맥주1000cc/1",역시 치킨은 뿌링클! 너무 맛있어용,5,5,5,----사장님 답글이 없어요 ----,https://rev-static.yogiyo.co.kr/c07daa35ff734995822b2e0e2ff7d688_tn.jpg
2021년 10월 2일,사동,BHC-안산사동점,ye**님,2021년 10월 2일,하바네로 포테킹 후라이드/1,바삭하니 치킨맛있네요,5,5,5,----사장님 답글이 없어요 ----,https://rev-static.yogiyo.co.kr/b8ccf96704f8f1ad7a6e40d0aa4bbc62_tn.jpg
2021년 10월 1일,사동,BHC-안산사동점,he**님,2021년 10월 1일,뿌링클（반）＋치즈볼/1,양이 딱좋아요 남아도 쁘링클은 못먹으니까용~,5,5,5,----사장님 답글이 없어요 ----,이미지는 없어요
2021년 9월 30일,사동,BHC-안산사동점,12**님,2021년 9월 30일,뿌링클 콤보/1,맛있어요. 좋아하는 부위만 먹을수 있어서 괜찮네요,5,5,5,----사장님 답글이 없어요 ----,이미지는 없어요
2021년 9월 30일,사동,BHC-안산사동점,bh**님,2021년 9월 30일,맛초킹 콤보/1,bhc 베스트셀러다운 맛,5,5,5,----사장님 답글이 없어요 ----,이미지는 없어요
2021년 9월 30일,사동,BHC-안산사동점,cl**님,2021년 9월 30일,뿌링클/1,맛있게 잘먹었어요.,5,5,5,----사장님 답글이 없어요 ----,이미지는 없어요
2021년 9월 30일,사동,BHC-안산사동점,ge**님,2021년 9월 30일,골드킹/1,맛있게잘먹었어요~~,5,5,5,----사장님 답글이 없어요 ----,https://rev-static.yogiyo.co.kr/bc1fec4a07ea4136abb170a7579d3da9_tn.jpg
2021년 9월 30일,사동,BHC-안산사동점,61**님,2021년 9월 30일,후라이드/1,정말 짱짱 맛있고 배송도 빠르네요!,5,5,5,----사장님 답글이 없어요 ----,https://rev-static.yogiyo.co.kr/0743bbb32a7079f36041732316a90e60_tn.jpg
2021년 9월 30일,사동,BHC-안산사동점,79**님,2021년 9월 30일,뿌링클 스틱/1,맛있게잘먹었습니다ㅎ,5,5,5,----사장님 답글이 없어요 ----,https://rev-static.yogiyo.co.kr/aa4e221c670a0a1f6c4dc185c72e3542_tn.jpg
2021년 9월 29일,사동,BHC-안산사동점,ho**님,2021년 9월 29일,"포테킹 후라이드 콤보/1(변경&추가(뿌링뿌링소스 추가,스윗하바네로소스),디저트(빨간소떡,케이준프라이,뿌링치즈스틱))",맛있어요.사장님도 친절하세요,5,5,5,----사장님 답글이 없어요 ----,이미지는 없어요
2021년 9월 29일,사동,BHC-안산사동점,co**님,2021년 9월 29일,뿌링맵소킹 콤보/1,가게는 항상 빠로고 맛 좋아요! 근데… 뿌링맵소킹은 처음인데요… 너무 짜고 너무 맵고 먹다가 누구 주고 싶은 치킨은 처음이에요…. 매운거 즐기시는 사람들은 좋아할 것 같은데 어린 아이들과 같이 먹을거면 삼가하시길… 그냥 뿌링클 시킬걸ㅠㅠㅠ,5,5,5,----사장님 답글이 없어요 ----,이미지는 없어요
2021년 9월 28일,사동,BHC-안산사동점,jj**님,2021년 9월 28일,뿌링클 콤보＋치즈볼/1,가까이 있어서 배달이지만 홀에서 먹는것 처럼 엄청 뜨거워요.저희 고딩 아들 최애 메뉴가 뿌링클인데 눅눅하지 않게 맛있게 먹을수 있어 좋습니다.,5,5,5,----사장님 답글이 없어요 ----,이미지는 없어요
2021년 9월 28일,사동,BHC-안산사동점,gg**님,2021년 9월 28일,맛초킹/1,첨 먹어보는 맛초킹~맛있게 잘 먹었어요^^,5,5,5,----사장님 답글이 없어요 ----,https://rev-static.yogiyo.co.kr/84aa62d489cc049af9760575aba11463_tn.jpg
2021년 9월 28일,사동,BHC-안산사동점,ka**님,2021년 9월 28일,뿌링클（반）＋치즈볼/1,잘먹었습니다역시 뿌링클 맛있네요,5,5,5,----사장님 답글이 없어요 ----,https://rev-static.yogiyo.co.kr/799c7cb6194350e33636e6a92f9314dc_tn.jpg
2021년 9월 27일,사동,BHC-안산사동점,ki**님,2021년 9월 27일,"뿌링클/1,핫후라이드/1",bhc치킨 맛있어서 자주 시켜 먹어요~,5,5,5,----사장님 답글이 없어요 ----,https://rev-static.yogiyo.co.kr/445a6ab90fad7364a916cd4ffac97586_tn.jpg
2021년 9월 27일,사동,BHC-안산사동점,zn**님,2021년 9월 27일,핫후라이드/1,항상 맛집 최고~~~울가족 최애 닭♡,5,5,5,----사장님 답글이 없어요 ----,https://rev-static.yogiyo.co.kr/6470edcce907e7edb69a8682669fff7f_tn.jpg
2021년 9월 27일,사동,BHC-안산사동점,co**님,2021년 9월 27일,후라이드 반／양념 반/1,튀김옷 짱맛있어요!,5,5,5,----사장님 답글이 없어요 ----,https://rev-static.yogiyo.co.kr/4c3cc503950cd4bc393be80fd1c61491_tn.jpg
2021년 9월 27일,사동,BHC-안산사동점,gr**님,2021년 9월 27일,포테킹 후라이드/1,포테킹 맛나요 행사자주해주세요,5,5,5,----사장님 답글이 없어요 ----,https://rev-static.yogiyo.co.kr/a0394cb96cf4cf2d2820896ef271012f_tn.jpg
2021년 9월 27일,사동,BHC-안산사동점,ge**님,2021년 9월 27일,후라이드 반／양념 반/1,배달빠르고 맛있어요,5,5,5,----사장님 답글이 없어요 ----,https://rev-static.yogiyo.co.kr/13e433afbaf537099ac9afcd4205eb62_tn.jpg
2021년 9월 27일,사동,BHC-안산사동점,ul**님,2021년 9월 27일,핫후라이드/1(옵션(콜라1.25L)),너무러무 맛이 있슴니다핫양념소스도 은근히매콤하니 맛납나다,5,5,5,----사장님 답글이 없어요 ----,https://rev-static.yogiyo.co.kr/529fc359f00bce993627549f679defc1_tn.jpg
2021년 9월 27일,사동,BHC-안산사동점,hu**님,2021년 9월 27일,"포테킹 후라이드 콤보/1(변경&추가(스윗하바네로소스),디저트(빨간소떡),옵션(콜라1.25L))",포테킹은 두번째인데 역시 너무 느끼해서 ..다른맛으로 ..,3,5,5,----사장님 답글이 없어요 ----,이미지는 없어요
2021년 9월 26일,사동,BHC-안산사동점,pi**님,2021년 9월 26일,맛초킹/1,맛있게 잘 먹었어요,5,5,5,----사장님 답글이 없어요 ----,https://rev-static.yogiyo.co.kr/dc92d1b11ba20f0cb61d36129b13ea36_tn.jpg
2021년 9월 26일,사동,BHC-안산사동점,ci**님,2021년 9월 26일,맛초킹（반）＋치즈볼/1,주소가 잘못되어 있었는데 친절하게 가져다 주셨어요감사해요^^맛있게 잘 먹었습니다,5,5,5,----사장님 답글이 없어요 ----,https://rev-static.yogiyo.co.kr/0863085dba49abadc8a974183c49d311_tn.jpg
2021년 9월 26일,사동,BHC-안산사동점,to**님,2021년 9월 26일,골드킹/1,할인할때도 항상 맛있어요,5,5,5,----사장님 답글이 없어요 ----,https://rev-static.yogiyo.co.kr/8735e96f79fe808f6e3d4f9c4b46adbf_tn.jpg
2021년 9월 26일,사동,BHC-안산사동점,jh**님,2021년 9월 26일,골드킹 콤보/1(옵션(콜라1.25L)),역시 골드킹 맛있습니다 쵝오,5,5,5,----사장님 답글이 없어요 ----,https://rev-static.yogiyo.co.kr/06ac37e7ec911ea6125d39883981a7df_tn.jpg
2021년 9월 26일,사동,BHC-안산사동점,pa**님,2021년 9월 26일,붐바스틱/1,맛있게 잘먹었습니다,5,4,4,----사장님 답글이 없어요 ----,https://rev-static.yogiyo.co.kr/5451a589e1cc2995f9fb54c03f12397f_tn.jpg
2021년 9월 26일,사동,BHC-안산사동점,ey**님,2021년 9월 26일,맛초킹 콤보/1,"잘 먹었어요.리뷰도 보고, 맛있을거 같아 처음 주문해봤는데, 좀 소스를 아끼신것 같은 느낌이 드네요. ㅎ조금 더 풍성하게 묻히셨으면, 더 맛있었을껄..하는 아쉬움이 들었네요.다리가 5개나 들어있어서..2개가 딱 좋은데..양은 2인이 먹기엔 좀 부족할 듯 보여요. 저는 혼자 먹어서 다행..남았네요.",4,4,5,간장소스는일일이 저울에 중량을재서 조리를합니다 짜게드시는분은소스많이라고 메모남겨주셔야되고요싱겁게 드시는분은 소스적게라고  메모 부탁드려요소스느 절대로 아끼지않습니다  콤보는다리 윙 봉개구성입니다,https://rev-static.yogiyo.co.kr/dce17f4e3c1306f7e2baf66e6e6cab85_tn.jpg
2021년 9월 26일,사동,BHC-안산사동점,dl**님,2021년 9월 26일,핫후라이드/1,잘 먹었습니다.,5,5,5,----사장님 답글이 없어요 ----,이미지는 없어요
2021년 9월 26일,사동,BHC-안산사동점,ry**님,2021년 9월 26일,후라이드 윙/1(디저트(뿌링핫도그)),맛있게잘먹었어요^^,5,5,5,----사장님 답글이 없어요 ----,이미지는 없어요
2021년 9월 26일,사동,BHC-안산사동점,ck**님,2021년 9월 26일,"하바네로 포테킹 후라이드/1,달콤바삭치즈볼/1",닭이오래됐나봐요 냄새가좀심하네요~~,2,5,5,어제 다 팔았고 오늘일요일 오전시분에 입고된 닭입니다   그리고어제 하고그제는 금욜오전시에들어온닭이고요   저는 냄새나는닭이 어떤닭인지 알고싶네요  다음에 냄새나면 바로전화주세요 확인후 환불조치할께요  기분나빠요 오래됐다니,이미지는 없어요
2021년 9월 26일,사동,BHC-안산사동점,12**님,2021년 9월 26일,뿌링클 콤보/1,잘 먹었습니다,5,5,5,----사장님 답글이 없어요 ----,https://rev-static.yogiyo.co.kr/182a5c77f181359b2ef8f17d8ee06c64_tn.jpg
2021년 9월 26일,사동,BHC-안산사동점,vi**님,2021년 9월 26일,골드킹 콤보/1,할인하길래 시켜봤는데 맛있었어요콩보로먹어 안남기고 다먹었네요,5,5,5,----사장님 답글이 없어요 ----,이미지는 없어요
2021년 9월 25일,사동,BHC-안산사동점,cd**님,2021년 9월 25일,후라이드 콤보/1,맛있습니다~!!!!,5,5,5,----사장님 답글이 없어요 ----,https://rev-static.yogiyo.co.kr/88a1b89c1d345a247f6b30c90560bfa4_tn.jpg
2021년 9월 25일,사동,BHC-안산사동점,sh**님,2021년 9월 25일,후라이드 반／양념 반/1,배달도 빠르고 맛있게 잘먹었어요!,5,5,5,----사장님 답글이 없어요 ----,https://rev-static.yogiyo.co.kr/dcb1f542afdff89ec0cd080c77e579bf_tn.jpg
2021년 9월 25일,사동,BHC-안산사동점,lk**님,2021년 9월 25일,뿌링클/1,닭이 오래된건지 작고 딱딱한게왔네요 최악의치킨,1,1,1,뿌링가루도 제대로 입혀있지않고 정말죄송합니다닭은 품절될정도로 요기요할인으로 제고없이 판매되고있습니다 유통기한이일인데 오래되어도일안에 소진되고있습니다  주방직원및 저역시 더신경쓰고 정성들여 조리하도록하겠습니다  실망시켜드린것 정말죄송합니다,https://rev-static.yogiyo.co.kr/13b4eaa15f29b5c770c9776c7550d99c_tn.jpg
2021년 9월 25일,사동,BHC-안산사동점,it**님,2021년 9월 25일,뿌링클/2(변경&추가(뿌링뿌링소스 추가)),맛있게잘먹었습니다~,5,5,5,----사장님 답글이 없어요 ----,이미지는 없어요
2021년 9월 25일,사동,BHC-안산사동점,ni**님,2021년 9월 25일,"뿌링클 콤보/1,후라이드/1",뿌링클이 진리인듯함,5,5,5,----사장님 답글이 없어요 ----,이미지는 없어요
2021년 9월 25일,사동,BHC-안산사동점,a0**님,2021년 9월 25일,레드킹 콤보/1,^^*~맛있어요...,5,5,5,----사장님 답글이 없어요 ----,https://rev-static.yogiyo.co.kr/de5d6bd9a06c5d065fefbdfe463e25db_tn.jpg
2021년 9월 25일,사동,BHC-안산사동점,co**님,2021년 9월 25일,"뿌링클 콤보/1,뿌링뿌링소스/2,치킨무/1,스프라이트 1.5L/1",맛있어요~~~!!!,5,5,5,----사장님 답글이 없어요 ----,https://rev-static.yogiyo.co.kr/fb9ca3d1658bbf2baa89e66e556c5e0e_tn.jpg
2021년 9월 24일,사동,BHC-안산사동점,ju**님,2021년 9월 24일,"뿌링클/1,골드킹/1",언제나 맛있는거 같습니다. 마니파세요^^,5,5,5,----사장님 답글이 없어요 ----,이미지는 없어요
2021년 9월 24일,사동,BHC-안산사동점,bj**님,2021년 9월 24일,뿌링클 콤보/1,요청사항: 무 빼기맛있어요~~!,5,5,5,----사장님 답글이 없어요 ----,https://rev-static.yogiyo.co.kr/bd1437fcf36060efbfa300d973664d34_tn.jpg
2021년 9월 23일,사동,BHC-안산사동점,w0**님,2021년 9월 23일,맛초킹（반）＋치즈볼/1,맛초킹 처음 먹어봤는데 맛있고 배달도 빨리왔어요~!,5,5,5,----사장님 답글이 없어요 ----,이미지는 없어요
2021년 9월 21일,사동,BHC-안산사동점,1c**님,2021년 9월 21일,하바네로 포테킹 후라이드/1,진리입니다 ~후회하지않아요,5,5,5,----사장님 답글이 없어요 ----,이미지는 없어요
2021년 9월 21일,사동,BHC-안산사동점,jj**님,2021년 9월 21일,골드킹 콤보＋뿌링치즈볼/1,맛있게 잘 먹었습니다,5,5,5,----사장님 답글이 없어요 ----,이미지는 없어요
2021년 9월 18일,사동,BHC-안산사동점,ly**님,2021년 9월 18일,뿌링클（반）＋치즈볼/1,뿌링클 최고 !-!’,4,5,5,----사장님 답글이 없어요 ----,https://rev-static.yogiyo.co.kr/5325c55b3786ad45020d9746ff169d89_tn.jpg
2021년 9월 17일,사동,BHC-안산사동점,ja**님,2021년 9월 17일,뿌링클순살/1,맛있어요 ~ 잘먹었습니다,5,5,5,----사장님 답글이 없어요 ----,이미지는 없어요
2021년 9월 15일,사동,BHC-안산사동점,k5**님,2021년 9월 15일,"맛초킹 순살＋치즈볼/1(변경&추가(뿌링 치즈볼로 변경),변경&추가(뿌링뿌링소스 추가),옵션(콜라1.25L))",맛있게 잘 먹었습니다,5,5,5,----사장님 답글이 없어요 ----,이미지는 없어요
2021년 9월 13일,사동,BHC-안산사동점,ft**님,2021년 9월 13일,골드킹 콤보/1,벨 누르지말라고 얼마나 써야 벨을 안눌러요?이해가안되네,5,5,1,----사장님 답글이 없어요 ----,이미지는 없어요
2021년 9월 13일,사동,BHC-안산사동점,au**님,2021년 9월 13일,골드킹 콤보＋치즈볼/1,항상 여기서만 시켜먹어요 치즈볼 감사합니다!,5,5,5,----사장님 답글이 없어요 ----,https://rev-static.yogiyo.co.kr/43ad4887d7386c48fcfa31ac34c3be4e_tn.jpg
2021년 9월 12일,사동,BHC-안산사동점,25**님,2021년 9월 12일,후라이드 반／양념 반/1,✨✨✨✨✨✨✨✨✨✨✨✨,5,5,5,----사장님 답글이 없어요 ----,이미지는 없어요
2021년 9월 12일,사동,BHC-안산사동점,ja**님,2021년 9월 12일,뿌링클 콤보＋치즈볼/1(변경&추가(뿌링 치즈볼로 변경)),늘 먹던 그맛 잘먹었어요,5,5,5,----사장님 답글이 없어요 ----,이미지는 없어요
2021년 9월 11일,사동,BHC-안산사동점,eb**님,2021년 9월 11일,뿌링클/1(디저트(달콤바삭치즈볼)),요기요로 첨 주문해봐요,4,5,4,----사장님 답글이 없어요 ----,이미지는 없어요
2021년 9월 11일,사동,BHC-안산사동점,1c**님,2021년 9월 11일,"하바네로 포테킹 후라이드/1,뿌링클 콤보/1",진리입니다~정말 ㅇ맛있어요,5,5,5,----사장님 답글이 없어요 ----,이미지는 없어요
2021년 9월 11일,사동,BHC-안산사동점,ha**님,2021년 9월 11일,포테킹 후라이드/1(디저트(뿌링치즈볼)),맛있슴다..! 벌써 포테킹만 3번째ㅋㅋ 은근 중독되네요감자가 뭍어서인지 일반 후라이드보다 양이 많아서1인 1닭하는 사람도 좀 남기는 정도에요 :),5,5,5,----사장님 답글이 없어요 ----,이미지는 없어요
2021년 9월 9일,사동,BHC-안산사동점,21**님,2021년 9월 9일,뿌링클 콤보/1,나이스 치킨 .좋아해요~,5,5,5,----사장님 답글이 없어요 ----,이미지는 없어요
2021년 9월 9일,사동,BHC-안산사동점,li**님,2021년 9월 9일,뿌링클 콤보＋치즈볼/1(옵션(콜라1.25L)),신속 친절 맜있어요 흥하세요,5,5,5,----사장님 답글이 없어요 ----,이미지는 없어요
2021년 9월 8일,사동,BHC-안산사동점,ka**님,2021년 9월 8일,커리퀸/1,커리퀸 첨 먹어봤는데 맛있네여,5,5,5,----사장님 답글이 없어요 ----,이미지는 없어요
2021년 9월 5일,사동,BHC-안산사동점,nk**님,2021년 9월 5일,"뿌링클순살/1,후라이드/1",매주 주문하는 맛집이네요 너무 맛있어요,5,5,5,----사장님 답글이 없어요 ----,이미지는 없어요
2021년 9월 5일,사동,BHC-안산사동점,ce**님,2021년 9월 5일,"뿌링클 콤보/1,골드킹 콤보/1","뿌링클 첨 먹어봤는데, 넘 맛있어요재주문의사 있어요",5,5,5,----사장님 답글이 없어요 ----,이미지는 없어요
2021년 9월 5일,사동,BHC-안산사동점,nk**님,2021년 9월 5일,"맛초킹순살/1,후라이드/1(옵션(콜라1.25L))",너무 맛있어서 자꾸 주문하게 돼요.  맛초킹은 적당히 매콤해서 자꾸 손이가요 ^^,5,5,5,----사장님 답글이 없어요 ----,이미지는 없어요
2021년 9월 4일,사동,BHC-안산사동점,je**님,2021년 9월 4일,골드킹 콤보＋치즈볼/1,"저희애들 뿌링클, 골드킹 넘좋아해요~ 가까운곳에 있다고 어찌나 좋아하는지~~ 배달이 예상시간보다 훨씬 빨리왔어요. 치즈볼은 도착하자마자 순삭. 사진찍지도 못했는데 이미 발골을 시작한 아이들😅",5,5,5,----사장님 답글이 없어요 ----,https://rev-static.yogiyo.co.kr/55d313b5718f4e0e65834f05b0ab795b_tn.jpg
2021년 9월 4일,사동,BHC-안산사동점,40**님,2021년 9월 4일,"뿌링클 콤보＋치즈볼/1,골드킹 콤보＋치즈볼/1",배달 짱빠르고 맛있어요,5,5,5,----사장님 답글이 없어요 ----,이미지는 없어요
2021년 9월 3일,사동,BHC-안산사동점,ja**님,2021년 9월 3일,뿌링클순살/1,동생이 혼자 자취해서 자주 시켜줍니다 앞으로도 깨끗하게 만들어 주세요 감사합니다,5,5,5,----사장님 답글이 없어요 ----,이미지는 없어요
2021년 9월 3일,사동,BHC-안산사동점,gi**님,2021년 9월 3일,뿌링클순살/1,맛있어요다음에 또 먹고 싶어요,5,5,5,----사장님 답글이 없어요 ----,이미지는 없어요
2021년 9월 2일,사동,BHC-안산사동점,hu**님,2021년 9월 2일,뿌링클 콤보/1(디저트(달콤바삭치즈볼)),정말 맛있어요~ 나중에 또 주문할게요~,5,5,5,----사장님 답글이 없어요 ----,이미지는 없어요
2021년 9월 1일,사동,BHC-안산사동점,to**님,2021년 9월 1일,하바네로 포테킹 후라이드/1,항상 잘 먹고있습니다,5,5,5,----사장님 답글이 없어요 ----,https://rev-static.yogiyo.co.kr/cb472d1b64903b6f0086415dfdf6c94a_tn.jpg
2021년 9월 1일,사동,BHC-안산사동점,zl**님,2021년 9월 1일,뿌링클 스틱/1(디저트(뿌링치즈볼)),배달빠르고맛있음..,5,5,5,----사장님 답글이 없어요 ----,이미지는 없어요
2021년 8월 31일,사동,BHC-안산사동점,   손님,2021년 8월 31일,"하바네로 포테킹 후라이드/1,케이준프라이/1",너무 맛있어요!!!!!,5,5,5,----사장님 답글이 없어요 ----,https://rev-static.yogiyo.co.kr/85394a1ad9a9a956a7370530bb2a361c_tn.jpg
2021년 8월 31일,사동,BHC-안산사동점,ch**님,2021년 8월 31일,핫후라이드/1,그냥 후라이드 느끼하신분들이걸루 드셔요 맛납니다ㅎㅎ,5,5,5,----사장님 답글이 없어요 ----,https://rev-static.yogiyo.co.kr/0a9785334a8aefdbc2ce56102244dd92_tn.jpg
2021년 8월 31일,사동,BHC-안산사동점,pa**님,2021년 8월 31일,양념맵소킹 순살/1,매운거 좋아하시는분은 잘 먹을것같은데저한텐 좀 맵네요~~,4,5,4,----사장님 답글이 없어요 ----,https://rev-static.yogiyo.co.kr/c22d9e214155c68da1be7003ebe15a46_tn.jpg
2021년 8월 31일,사동,BHC-안산사동점,yo**님,2021년 8월 31일,"뿌링클 스틱/1,맛초킹순살/1",자주먹는 치킨 아이들이 좋아하는 거게 맛 있게 잘 먹었습니다,5,5,5,----사장님 답글이 없어요 ----,이미지는 없어요
2021년 8월 30일,사동,BHC-안산사동점,sk**님,2021년 8월 30일,후라이드/1,맛나게 잘 묵엇ㄷ슴다ㅎ,5,5,5,----사장님 답글이 없어요 ----,https://rev-static.yogiyo.co.kr/c0e43ec0f56a40ef6e5a80b65a86b153_tn.jpg
2021년 8월 30일,사동,BHC-안산사동점,al**님,2021년 8월 30일,맛초킹 콤보/1(디저트(케이준프라이)),맛있게잘먹었습니당ㅎㅎ콤보 좋아요 ㅎㅎ,5,5,5,----사장님 답글이 없어요 ----,이미지는 없어요
2021년 8월 30일,사동,BHC-안산사동점,hm**님,2021년 8월 30일,맛초킹 콤보/1,매콤하니 맛있어요~~. 술 안주로 딱이네요~,5,5,5,----사장님 답글이 없어요 ----,이미지는 없어요
2021년 8월 30일,사동,BHC-안산사동점,dk**님,2021년 8월 30일,맛초킹순살/1,잘 먹었습니다!!!,5,5,5,----사장님 답글이 없어요 ----,https://rev-static.yogiyo.co.kr/c0d19fc5abbbd5f326f7f9701b4448db_tn.jpg
2021년 8월 30일,사동,BHC-안산사동점,ju**님,2021년 8월 30일,뿌링클순살/1,가끔씯 먹으면 맛있네요,4,4,4,----사장님 답글이 없어요 ----,https://rev-static.yogiyo.co.kr/73e88c823ec3917eb9e03c1f00fe13dd_tn.jpg
2021년 8월 30일,사동,BHC-안산사동점,10**님,2021년 8월 30일,핫후라이드/1,"맛있읍니다,,,^^",5,5,5,----사장님 답글이 없어요 ----,https://rev-static.yogiyo.co.kr/71a51f372b3ae6584bb9e147798ad524_tn.jpg
2021년 8월 29일,사동,BHC-안산사동점,ju**님,2021년 8월 29일,핫후라이드/1,배달/양/맛 모두 만족합니다.오늘도 맛있게 잘 먹었습니다.,5,5,5,----사장님 답글이 없어요 ----,https://rev-static.yogiyo.co.kr/2c881e7d702548cea2d0028f3e9989de_tn.jpg
2021년 8월 29일,사동,BHC-안산사동점,le**님,2021년 8월 29일,"뿌링클순살/1(디저트(뿌링소떡)),뿌링핫도그/1,빨간소떡/1",뿌링클소스가 너무 많아서 제취향은 아니네요,3,5,5,----사장님 답글이 없어요 ----,이미지는 없어요
2021년 8월 29일,사동,BHC-안산사동점,zx**님,2021년 8월 29일,싸이순살/1,잘 먹었습니다 자주 시켜먹을게요,5,5,5,----사장님 답글이 없어요 ----,https://rev-static.yogiyo.co.kr/3799d8826dd10ad4f78b02eb2eb8775d_tn.jpg
2021년 8월 29일,사동,BHC-안산사동점,ye**님,2021년 8월 29일,레드킹 콤보/1,맛있습니다 또 시킬께요 ㅎ,5,5,5,----사장님 답글이 없어요 ----,https://rev-static.yogiyo.co.kr/af6a3b522b2334b5e8345da1b55c8e58_tn.jpg
2021년 8월 29일,사동,BHC-안산사동점,pi**님,2021년 8월 29일,후라이드 스틱/1,배송이 좀 걸렸는데 바삭하고 고소하니 맛있어요.스틱이라 먹기도 편해요.,5,5,5,----사장님 답글이 없어요 ----,https://rev-static.yogiyo.co.kr/d82feb625624bb1b80f8012efb9a07d9_tn.jpg
2021년 8월 29일,사동,BHC-안산사동점,sa**님,2021년 8월 29일,뿌링클/1,bhc는 언제나 옳다.. 그러나 사진을 안찍었드아,5,5,5,----사장님 답글이 없어요 ----,이미지는 없어요
2021년 8월 29일,사동,BHC-안산사동점,   손님,2021년 8월 29일,"하바네로 포테킹 후라이드/1,뿌링소떡/1,빨간소떡/1",아 소떡소떡만 맛있네요...치킨은 눅눅하고 느끼하고 진짜 짜증나서 먹다가 버린 치킨은 이게 처음인듯하네요 ㅡㅡ 환불 가능하면 해주시죠 인간적으로 ㅡㅡ 배달이 늦은건지 뭐가 문제인건지는 몰라도 엄청 눅눅하고 맛은 진짜 최악...인생 치킨중 최악이네여...하...,1,5,5,----사장님 답글이 없어요 ----,https://rev-static.yogiyo.co.kr/be83a6e33e6c351065d8b76e7f31e278_tn.jpg
2021년 8월 28일,사동,BHC-안산사동점,gu**님,2021년 8월 28일,후라이드/1,맛있어요잘먹었습니다 포장으로하려고했는데 배달만되나봐요~암툰할인해서 잘먹었어요~,5,5,4,----사장님 답글이 없어요 ----,https://rev-static.yogiyo.co.kr/b22ce5c88ae05352b05f07181e8002f6_tn.jpg
2021년 8월 28일,사동,BHC-안산사동점,ju**님,2021년 8월 28일,골드킹 콤보/1(디저트(뿌링감자)),💛💖💛💖💛💖💛💖💛💖,5,5,5,----사장님 답글이 없어요 ----,https://rev-static.yogiyo.co.kr/5f1793c282f5ed81dce19d2adb86e71f_tn.jpg
2021년 8월 28일,사동,BHC-안산사동점,ka**님,2021년 8월 28일,뿌링클/1,맛있게 잘 먹었습니다.,5,5,5,----사장님 답글이 없어요 ----,https://rev-static.yogiyo.co.kr/2c8ba6f74fc62b724a8f542ac0cbab6b_tn.jpg
2021년 8월 28일,사동,BHC-안산사동점,pa**님,2021년 8월 28일,바삭클/1,입맛이 촌스러워서 그런지 바삭클(옛날통닭맛) 저한테는 따악^^ 맛있게 먹고 있습니다,5,5,5,----사장님 답글이 없어요 ----,https://rev-static.yogiyo.co.kr/af8d3eb88b411075e320d60f8735d3c8_tn.jpg
2021년 8월 28일,사동,BHC-안산사동점,dl**님,2021년 8월 28일,하바네로 포테킹 후라이드/1(옵션(콜라1.25L)),잘먹었습니다~!!!,5,5,5,----사장님 답글이 없어요 ----,이미지는 없어요
2021년 8월 28일,사동,BHC-안산사동점,dl**님,2021년 8월 28일,뿌링클（반）＋치즈볼/1,잘 먹었습네다~~~,5,5,5,----사장님 답글이 없어요 ----,https://rev-static.yogiyo.co.kr/f8ceeac9ed7de86a7e074811269decbe_tn.jpg
2021년 8월 28일,사동,BHC-안산사동점,sk**님,2021년 8월 28일,뿌링클순살/1,역시 비에치씨는 뿌링클,5,5,5,----사장님 답글이 없어요 ----,이미지는 없어요
2021년 8월 28일,사동,BHC-안산사동점,dw**님,2021년 8월 28일,뿌링클 콤보/1,잘먹었숨다!!!!!,5,5,5,----사장님 답글이 없어요 ----,이미지는 없어요
2021년 8월 27일,사동,BHC-안산사동점,ly**님,2021년 8월 27일,뿌링클（반）＋치즈볼/1,뿌링클 ㅜ 마시써여,4,5,5,----사장님 답글이 없어요 ----,https://rev-static.yogiyo.co.kr/4bb615c989385f4b6446bfc4ddc341a3_tn.jpg
2021년 8월 27일,사동,BHC-안산사동점,ja**님,2021년 8월 27일,골드킹 윙/1,일하고 와서 넘 배고팠는데 바삭하니 맛있습니다.감사합니다~,5,4,5,----사장님 답글이 없어요 ----,이미지는 없어요
2021년 8월 27일,사동,BHC-안산사동점,ta**님,2021년 8월 27일,맛초킹 콤보/1,받자마자 순삭했네요 맛있어요~,5,5,5,----사장님 답글이 없어요 ----,이미지는 없어요
2021년 8월 27일,사동,BHC-안산사동점,ma**님,2021년 8월 27일,바삭클/1,좋아요~~~~~~~,5,5,5,----사장님 답글이 없어요 ----,https://rev-static.yogiyo.co.kr/615529daf28c41e43d3ae8f2d4a39e3b_tn.jpg
2021년 8월 27일,사동,BHC-안산사동점,zi**님,2021년 8월 27일,맛초킹/1,맛초킹에 소맥 한잔이면 하루 피로풀리네요,5,5,5,----사장님 답글이 없어요 ----,https://rev-static.yogiyo.co.kr/7cfc05cfc0c8e7c8943c3fca2e2421ef_tn.jpg
2021년 8월 27일,사동,BHC-안산사동점,dk**님,2021년 8월 27일,"뿌링왕콜팝/1(디저트(달콤바삭치즈볼,꿀호떡))",잘 먹었습니다!!!,5,5,5,----사장님 답글이 없어요 ----,https://rev-static.yogiyo.co.kr/4e8be3956bd4c6330ff5d494b2a08aa6_tn.jpg
2021년 8월 26일,사동,BHC-안산사동점,us**님,2021년 8월 26일,"뿌링멘보샤/1,달콤바삭치즈볼/1,케이준프라이/1,뿌링감자/1",没炸透，the toast is uncooked .,1,1,5,----사장님 답글이 없어요 ----,https://rev-static.yogiyo.co.kr/f15c6f92737cb24a0661da62968fc18b_tn.jpg
2021년 8월 26일,사동,BHC-안산사동점,wo**님,2021년 8월 26일,"빅콜팝/1,뿌링치즈스틱/1",콜팝 너무 맛있어용,5,5,5,----사장님 답글이 없어요 ----,이미지는 없어요
2021년 8월 26일,사동,BHC-안산사동점,sl**님,2021년 8월 26일,양념맵소킹 콤보/1,와 맛잇어용 혜자애용 히히 매워용,5,5,5,----사장님 답글이 없어요 ----,이미지는 없어요
2021년 8월 26일,사동,BHC-안산사동점,al**님,2021년 8월 26일,"골드킹/1,코카-콜라 1.25L/1",잘먹었습니다 바삭하고 단짠단짠하니 좋네요^^,5,5,5,----사장님 답글이 없어요 ----,https://rev-static.yogiyo.co.kr/0ebe17b50e64cbe854e58b695f2e0f2c_tn.jpg
2021년 8월 26일,사동,BHC-안산사동점,db**님,2021년 8월 26일,뿌링클 콤보/1,빠르고 맛있었습니다.,5,5,5,----사장님 답글이 없어요 ----,https://rev-static.yogiyo.co.kr/ce3d45f73ab0c4d4fc11957affc18f67_tn.jpg
2021년 8월 26일,사동,BHC-안산사동점,um**님,2021년 8월 26일,뿌링클 콤보/1,맛있게잘먹엄ㅅ아요~,5,5,5,----사장님 답글이 없어요 ----,이미지는 없어요
2021년 8월 25일,사동,BHC-안산사동점,ly**님,2021년 8월 25일,뿌링클（반）＋치즈볼/1,뿌링클 좋아용 ㅋㅋ,4,5,5,----사장님 답글이 없어요 ----,https://rev-static.yogiyo.co.kr/8d90886bffcb4f150f65a55b8474fa1d_tn.jpg
2021년 8월 25일,사동,BHC-안산사동점,in**님,2021년 8월 25일,바삭클순살/1(옵션(콜라1.25L)),설명대로 기본에 충실한 바삭한 후라이드네요 맛있어요.,5,3,5,----사장님 답글이 없어요 ----,https://rev-static.yogiyo.co.kr/410974a586f64dfa2365353df583e3fe_tn.jpg
2021년 8월 25일,사동,BHC-안산사동점,ry**님,2021년 8월 25일,맛초킹（반）＋치즈볼/1,맛있어요!!!!~~,5,5,5,----사장님 답글이 없어요 ----,이미지는 없어요
2021년 8월 25일,사동,BHC-안산사동점,dk**님,2021년 8월 25일,뿌링빅콜팝/1(디저트(빨간소떡)),잘 먹었습니다!!!,5,5,5,----사장님 답글이 없어요 ----,https://rev-static.yogiyo.co.kr/1d8ea461400897808bbcd75875896cb1_tn.jpg
2021년 8월 25일,사동,BHC-안산사동점,yu**님,2021년 8월 25일,맛초킹/1,맛있게 잘먹었습니다.,5,5,5,----사장님 답글이 없어요 ----,https://rev-static.yogiyo.co.kr/2e9149ae58f7919a07d445bc69024460_tn.jpg
2021년 8월 25일,사동,BHC-안산사동점,zz**님,2021년 8월 25일,골드킹 순살/1,항상 맛있게 먹고 있습니다,5,5,5,----사장님 답글이 없어요 ----,https://rev-static.yogiyo.co.kr/2737b058497ecdbd86a0c2187cc4dbea_tn.jpg
2021년 8월 25일,사동,BHC-안산사동점,e9**님,2021년 8월 25일,뿌링클 콤보/1(디저트(달콤바삭치즈볼)),배달도 예상시간보다 훨씬 빠르고 맛도 좋았는데다리6개 전부 속이 안익은거같아요.,4,5,5,사진으로 봤을때는 단백질 성분으로 핑키현상인것같습니다  가끔핑키닭이 있는데 익었지만 단백질성분으로 안익은것처럼붉은색을  띠웁니다   인터넷에 검색하셔도 알수있는 내용들이 있습니다  사진으로는익은닭맞는거 같습니다,https://rev-static.yogiyo.co.kr/afff5eba026b2ab8ae4284c542b77d95_tn.jpg
2021년 8월 25일,사동,BHC-안산사동점,pr**님,2021년 8월 25일,뿌링클 콤보/1,맛있어요!!!!!!!,5,5,5,----사장님 답글이 없어요 ----,이미지는 없어요
2021년 8월 24일,사동,BHC-안산사동점,dl**님,2021년 8월 24일,뿌링클（반）＋치즈볼/1,잘 먹었습니다~~~~~,5,5,5,----사장님 답글이 없어요 ----,https://rev-static.yogiyo.co.kr/1075a5a2d6a9cd5e8cf42cbf6b79bb53_tn.jpg
2021년 8월 24일,사동,BHC-안산사동점,uu**님,2021년 8월 24일,포테킹 후라이드 콤보/1,적당히 따뜻하게 잘 배달왔어요,5,5,5,----사장님 답글이 없어요 ----,이미지는 없어요
2021년 8월 24일,사동,BHC-안산사동점,a0**님,2021년 8월 24일,맛초킹（반）＋치즈볼/1,역시 최고내요  비에이치씨,5,5,3,----사장님 답글이 없어요 ----,https://rev-static.yogiyo.co.kr/d43c46adb3becbff0918db30135cc804_tn.jpg
2021년 8월 24일,사동,BHC-안산사동점,dm**님,2021년 8월 24일,맛초킹/1,짭짤하니 맛있어요😊,5,5,5,----사장님 답글이 없어요 ----,https://rev-static.yogiyo.co.kr/519c290506bff974268e464026aa9497_tn.jpg
2021년 8월 24일,사동,BHC-안산사동점,co**님,2021년 8월 24일,뿌링클/1,뜨끈뜨근 너무 맛있게 잘 먹었습니다~~,5,5,5,----사장님 답글이 없어요 ----,이미지는 없어요
2021년 8월 24일,사동,BHC-안산사동점,cw**님,2021년 8월 24일,뿌링클 콤보＋치즈볼/1,양도 많은편이며 맛있네요,5,5,5,----사장님 답글이 없어요 ----,https://rev-static.yogiyo.co.kr/3a016f1badc253ccacf6ac9c881e97ec_tn.jpg
2021년 8월 23일,사동,BHC-안산사동점,wl**님,2021년 8월 23일,뿌링클 콤보＋치즈볼/1,양념이 많아서 좋았어요;!,5,5,4,----사장님 답글이 없어요 ----,이미지는 없어요
2021년 8월 22일,사동,BHC-안산사동점,ks**님,2021년 8월 22일,뿌링클 콤보＋치즈볼/1,감사합니다~~!!!!,5,5,5,----사장님 답글이 없어요 ----,https://rev-static.yogiyo.co.kr/bec730a68e3053099d6d968195fec972_tn.jpg
2021년 8월 22일,사동,BHC-안산사동점,yo**님,2021년 8월 22일,뿌링클 콤보＋치즈볼/1(변경&추가(뿌링뿌링소스 추가)),맛있습니다 맛있습니다,5,5,5,----사장님 답글이 없어요 ----,https://rev-static.yogiyo.co.kr/bc5a0c7c4cc455e7a485abccc122408f_tn.jpg
2021년 8월 22일,사동,BHC-안산사동점,zz**님,2021년 8월 22일,골드킹 순살/1,맛이 끝내줍니다요,5,5,5,----사장님 답글이 없어요 ----,https://rev-static.yogiyo.co.kr/04de90af4357cb61379f3bba00b831ac_tn.jpg
2021년 8월 22일,사동,BHC-안산사동점,rl**님,2021년 8월 22일,뿌링클 콤보＋치즈볼/1,콤보도좋네요 히히 항상 감사합니다,5,5,5,----사장님 답글이 없어요 ----,https://rev-static.yogiyo.co.kr/16ed9f8119c9f4c21d88048c1f6232b0_tn.jpg
2021년 8월 22일,사동,BHC-안산사동점,st**님,2021년 8월 22일,뿌링클순살/1,오랜만에 먹었는데 너무 맛있었어요!,5,5,5,----사장님 답글이 없어요 ----,https://rev-static.yogiyo.co.kr/da8a7b686d645e3587ea17731597b01d_tn.jpg
2021년 8월 22일,사동,BHC-안산사동점,zm**님,2021년 8월 22일,"맛초킹 윙/1,후라이드 윙/1,뿌링소떡/1,뿌링치즈스틱/1,뿌링뿌링소스/1",치킨도 맛있고 다른사이드메뉴도 맛있었는데 제입엠 맛초킹이 조금달았눈데 맛있었어요!,5,5,5,----사장님 답글이 없어요 ----,이미지는 없어요
2021년 8월 22일,사동,BHC-안산사동점,wa**님,2021년 8월 22일,뿌링클 콤보＋치즈볼/1,너무 맛있어요.치킨 많았어요.좋아해요.,5,5,5,----사장님 답글이 없어요 ----,https://rev-static.yogiyo.co.kr/dfb85b3223333c8146c023db9a1f40d5_tn.jpg
2021년 8월 22일,사동,BHC-안산사동점,ho**님,2021년 8월 22일,"후라이드 콤보/1(디저트(뿌링소떡,뿌링치즈스틱))",뿌링클치즈스틱 바삭함은없고왜케눅눅하죠?치즈가루다녹아들러붙어서 짠맛뿐..치즈가루가아니고액체소스인가요?,4,5,5,----사장님 답글이 없어요 ----,이미지는 없어요
2021년 8월 21일,사동,BHC-안산사동점,yo**님,2021년 8월 21일,뿌링클 콤보＋치즈볼/1,너무 너무 맛있어용!!,5,5,5,----사장님 답글이 없어요 ----,https://rev-static.yogiyo.co.kr/2196a3ef2f308cac6dc8c92bd4dd55ec_tn.jpg
2021년 8월 19일,사동,BHC-안산사동점,10**님,2021년 8월 19일,뿌링클 콤보＋치즈볼/1,항상 맛있게 잘 먹고 있습니다,5,5,5,----사장님 답글이 없어요 ----,이미지는 없어요
2021년 8월 19일,사동,BHC-안산사동점,hy**님,2021년 8월 19일,골드킹 콤보/1,늘 맛있게 먹고있어요~^^,5,5,5,----사장님 답글이 없어요 ----,이미지는 없어요
2021년 8월 18일,사동,BHC-안산사동점,yu**님,2021년 8월 18일,맛초킹（반）＋치즈볼/1,진전 너무 맛있어요,5,5,4,----사장님 답글이 없어요 ----,https://rev-static.yogiyo.co.kr/430fa4d020a4d47dfb4bc4915c426db4_tn.jpg
2021년 8월 17일,사동,BHC-안산사동점,to**님,2021년 8월 17일,뿌링클 콤보＋치즈볼/1(변경&추가(뿌링 치즈볼로 변경)),역시 뿌링클입니다 😃👍,5,5,5,----사장님 답글이 없어요 ----,이미지는 없어요
2021년 8월 16일,사동,BHC-안산사동점,pu**님,2021년 8월 16일,포테킹 후라이드 콤보＋뿌링멘보샤/1,남김없이 다처리했네요 맛있어요,5,5,5,----사장님 답글이 없어요 ----,https://rev-static.yogiyo.co.kr/f25bf932807e08514a2fc534de5f05d8_tn.jpg
2021년 8월 15일,사동,BHC-안산사동점,db**님,2021년 8월 15일,"뿌링클/1(변경&추가(맵소사소스 추가),디저트(뿌링감자),옵션(콜라1.25L))",뿌링클 존맛ㅎㅎㅎㅎ,5,5,5,----사장님 답글이 없어요 ----,이미지는 없어요
2021년 8월 15일,사동,BHC-안산사동점,uk**님,2021년 8월 15일,"골드킹 순살/1,뿌링감자/1",오랜만에 시켜먹었네요 맛있어요,5,5,5,----사장님 답글이 없어요 ----,이미지는 없어요
2021년 8월 14일,사동,BHC-안산사동점,yo**님,2021년 8월 14일,하바네로 포테킹 후라이드/1,맛있게 잘 먹었습니다,5,5,5,----사장님 답글이 없어요 ----,이미지는 없어요
2021년 8월 14일,사동,BHC-안산사동점,yi**님,2021년 8월 14일,"하바네로 포테킹 후라이드/1(디저트(뿌링치즈볼)),핫후라이드/1",맛있게 잘먹었습니다.,5,5,5,----사장님 답글이 없어요 ----,이미지는 없어요
2021년 8월 12일,사동,BHC-안산사동점,sk**님,2021년 8월 12일,뿌링클 콤보/1,역시 쁘링클!!! 맛있어요,5,5,5,----사장님 답글이 없어요 ----,https://rev-static.yogiyo.co.kr/3c0b8dcb5042908479af1619a11565de_tn.jpg
2021년 8월 12일,사동,BHC-안산사동점,ff**님,2021년 8월 12일,"뿌링클순살/1(변경&추가(뿌링뿌링소스 추가),디저트(달콤바삭치즈볼,뿌링치즈볼))",잘먹었습니다!!!!,5,5,5,----사장님 답글이 없어요 ----,https://rev-static.yogiyo.co.kr/5acb12215c59dbdf7c89bc29b8be6985_tn.jpg
2021년 8월 11일,사동,BHC-안산사동점,   손님,2021년 8월 11일,"하바네로 포테킹 후라이드/1(옵션(콜라1.25L)),뿌링클/1",오늘 먹으면서 역시 BHC라는 말이 저절로 나오더라구요!,5,5,5,----사장님 답글이 없어요 ----,이미지는 없어요
2021년 8월 9일,사동,BHC-안산사동점,dw**님,2021년 8월 9일,핫후라이드/1,존맛탱탱구리~~~~,5,5,5,----사장님 답글이 없어요 ----,이미지는 없어요
2021년 8월 9일,사동,BHC-안산사동점,al**님,2021년 8월 9일,"뿌링클 콤보/1(디저트(달콤바삭치즈볼,뿌링감자))",정말 맛있게 먹었어요,5,5,5,----사장님 답글이 없어요 ----,이미지는 없어요
2021년 8월 8일,사동,BHC-안산사동점,mi**님,2021년 8월 8일,"하바네로 포테킹 후라이드/1,생맥주1000cc/1",와! 길게 못 써요😅맛있어요😋추천합니다☺️,5,5,5,----사장님 답글이 없어요 ----,https://rev-static.yogiyo.co.kr/b1155035b90373512f780826cb61ac9d_tn.jpg
2021년 8월 8일,사동,BHC-안산사동점,ch**님,2021년 8월 8일,골드킹 콤보＋치즈볼/1,잘먹었습니다   단골맛집,5,5,5,----사장님 답글이 없어요 ----,이미지는 없어요
2021년 8월 8일,사동,BHC-안산사동점,ba**님,2021년 8월 8일,뿌링클 콤보＋치즈볼/1,쿠폰 사용해서 시켰어요. 막내가 전부터 뿌링클 노래불러서 시켰는데 넘 잘먹네요,5,5,5,----사장님 답글이 없어요 ----,https://rev-static.yogiyo.co.kr/09857bc88f3e5d4cd61bbbad7ebcb443_tn.jpg
2021년 8월 8일,사동,BHC-안산사동점,ff**님,2021년 8월 8일,"뿌링클순살/1,맛초킹순살/1,달콤바삭치즈볼/1,뿌링치즈볼/1",맛있게 잘 먹었습니다 ;)!!,5,4,4,----사장님 답글이 없어요 ----,이미지는 없어요
2021년 8월 8일,사동,BHC-안산사동점,an**님,2021년 8월 8일,뿌링클 콤보＋치즈볼/1,맛있게 잘 먹었습니다.,5,5,5,----사장님 답글이 없어요 ----,https://rev-static.yogiyo.co.kr/16e10165ba992cd951ff6f8eb4df06ae_tn.jpg
2021년 8월 5일,사동,BHC-안산사동점,je**님,2021년 8월 5일,"포테킹 후라이드 콤보＋치즈볼/1(변경&추가(스윗하바네로소스),디저트(뿌링멘보샤),옵션(콜라1.25L,치킨무))",바삭하고 맛있어요~!,5,5,5,----사장님 답글이 없어요 ----,https://rev-static.yogiyo.co.kr/74c4220538e13d9a53504bad796b53d7_tn.jpg
2021년 8월 4일,사동,BHC-안산사동점,pi**님,2021년 8월 4일,"뿌링클순살/1,맛초킹순살/1",맛있었어요 너무 다 뻑살인게 좀 아쉽네요,5,5,5,신제품  닭다리살 싸이순살이 있 습니다나머지순살은  닭가슴살입니다,https://rev-static.yogiyo.co.kr/d47a1454c258d4effc3fce950386caa6_tn.jpg
2021년 8월 4일,사동,BHC-안산사동점,en**님,2021년 8월 4일,맛초킹 콤보＋치즈볼/1(변경&추가(뿌링뿌링소스 추가)),맛있어여.......,5,5,5,----사장님 답글이 없어요 ----,이미지는 없어요
2021년 8월 3일,사동,BHC-안산사동점,is**님,2021년 8월 3일,맛초킹순살/1,믿고 먹는 BHC약간 눅눅하게 배달왔어요 ㅠㅠ,5,5,4,----사장님 답글이 없어요 ----,이미지는 없어요
2021년 8월 3일,사동,BHC-안산사동점,pa**님,2021년 8월 3일,양념치킨/1,단골로 계속 주문하고 있어요~양념치킨 맛있게 먹었습니다^^,5,5,5,----사장님 답글이 없어요 ----,https://rev-static.yogiyo.co.kr/59580fe64e0e5bf743b44c3db52d9a16_tn.jpg
2021년 8월 2일,사동,BHC-안산사동점,dl**님,2021년 8월 2일,"하바네로 포테킹 후라이드/1(디저트(뿌링치즈볼),옵션(콜라1.25L))",하바네로포테킹후라이드.첨먹어봣는데 너무너무바삭바삭하고 너무나맛낫어요~~아이들도 넘맛나다며~~~추천추천👍👍집앞이라 자주시켜먹는곳인데 항상맛나게잘먹고있습니다.,5,5,5,----사장님 답글이 없어요 ----,https://rev-static.yogiyo.co.kr/dabdc3385a6ca25377d9c5d1eac6ecb6_tn.jpg
2021년 8월 2일,사동,BHC-안산사동점,ki**님,2021년 8월 2일,뿌링클 콤보/1(디저트(뿌링치즈볼)),매번 맛있게  잘 먹고 있어요~^^,5,5,5,----사장님 답글이 없어요 ----,https://rev-static.yogiyo.co.kr/63127b5387f7e09a3700073273208d75_tn.jpg
2021년 8월 1일,사동,BHC-안산사동점,n4**님,2021년 8월 1일,뿌링클/1(디저트(뿌링소떡)),맛있었어요 !! 소떡소떡 너무 맛있어서 담에는 더 많이 시킬까봐요.. ㅎㅎ 많이파세유,5,5,5,----사장님 답글이 없어요 ----,https://rev-static.yogiyo.co.kr/be6478aaad3103de238e879a69880246_tn.jpg
2021년 7월 29일,사동,BHC-안산사동점,pa**님,2021년 7월 29일,핫후라이드/1,매번 주문하는 치킨집이에요~,5,5,5,----사장님 답글이 없어요 ----,이미지는 없어요
2021년 7월 29일,사동,BHC-안산사동점,yq**님,2021년 7월 29일,뿌링클/1,제가 사진을 잘 못찍는데 시즈닝도 엄청 듬뿍 주시고 배달도 빨리 오고 진짜 너무너무 맛있어요!! 다들 여기서 얼른 뿌링클 시키시길...,5,5,5,----사장님 답글이 없어요 ----,https://rev-static.yogiyo.co.kr/f6efa529d423954f2adbf5d509c7b732_tn.jpg
2021년 7월 28일,사동,BHC-안산사동점,dk**님,2021년 7월 28일,맛초킹순살/1,잘 먹었습니다!!!,5,5,5,----사장님 답글이 없어요 ----,https://rev-static.yogiyo.co.kr/23aa29bac8bac6546f1dec23698f5453_tn.jpg
2021년 7월 27일,사동,BHC-안산사동점,to**님,2021년 7월 27일,핫후라이드/1,핫후라이드 맛있어요,5,5,5,----사장님 답글이 없어요 ----,https://rev-static.yogiyo.co.kr/9645e7e3d03dd9dc3d3dd150d07efa17_tn.jpg
2021년 7월 26일,사동,BHC-안산사동점,aa**님,2021년 7월 26일,"뿌링클 스틱/1(변경&추가(뿌링뿌링소스 추가),디저트(뿌링치즈볼,뿌링핫도그,뿌링치즈스틱,뿌링멘보샤),옵션(양념소스)),양념소스/3",언제나 그랬듯 너무 맛있고제가 여기서 오래 시켜먹어서 보장하는데 강추드립니다!,5,5,5,----사장님 답글이 없어요 ----,https://rev-static.yogiyo.co.kr/5e00e1d3613b40bbab498413b89c058e_tn.jpg
2021년 7월 25일,사동,BHC-안산사동점,pa**님,2021년 7월 25일,후라이드 반／양념 반/1,예상시간보다 빨리도착~후다닥 먹었네요^^,5,5,5,----사장님 답글이 없어요 ----,https://rev-static.yogiyo.co.kr/fe78974903ce791eb69ac344ad727078_tn.jpg
2021년 7월 25일,사동,BHC-안산사동점,ry**님,2021년 7월 25일,맛초킹/1,바삭하고 맛있게 잘 먹었습니다,5,5,5,----사장님 답글이 없어요 ----,https://rev-static.yogiyo.co.kr/ca6dafe8384114fbef50370a5c1f43f7_tn.jpg
2021년 7월 25일,사동,BHC-안산사동점,sh**님,2021년 7월 25일,골드킹/1,골드킹 처음 시켰는데 맛있게 잘먹었어요!,5,5,5,----사장님 답글이 없어요 ----,https://rev-static.yogiyo.co.kr/e1910226a27fa38566d0b3ba69dd106f_tn.jpg
2021년 7월 25일,사동,BHC-안산사동점,rk**님,2021년 7월 25일,커리퀸/1,커리퀸아 단종되지 말아줘 ㅜㅜ,5,5,5,----사장님 답글이 없어요 ----,이미지는 없어요
2021년 7월 24일,사동,BHC-안산사동점,mi**님,2021년 7월 24일,후라이드 반／양념 반/1,맛있어요 배달도 빠르고요,5,5,5,----사장님 답글이 없어요 ----,https://rev-static.yogiyo.co.kr/69c857295cafb38b76cccb3d67748970_tn.jpg
2021년 7월 24일,사동,BHC-안산사동점,ha**님,2021년 7월 24일,포테킹 후라이드/1,맛있어요 !!지난번에 먹을땐 눅눅하고 기름냄새가 심했는데이번엔 바삭하고 냄새도 없이 깔끔했네요,5,5,5,----사장님 답글이 없어요 ----,https://rev-static.yogiyo.co.kr/03a0ccf57a0dbbb169692710d10dad7d_tn.jpg
2021년 7월 24일,사동,BHC-안산사동점,dl**님,2021년 7월 24일,맛초킹순살/1,잘먹었습니다.,5,5,5,----사장님 답글이 없어요 ----,이미지는 없어요
2021년 7월 24일,사동,BHC-안산사동점,kk**님,2021년 7월 24일,맛초킹순살/1,맛있어요!! 가끔 맛초킹 먹고 싶을 때 주문해요!!,5,5,5,----사장님 답글이 없어요 ----,https://rev-static.yogiyo.co.kr/115c8ef36962d2cc22ec636e1b7a57eb_tn.jpg
2021년 7월 23일,사동,BHC-안산사동점,ud**님,2021년 7월 23일,하바네로 포테킹 후라이드/1(옵션(콜라1.25L)),새론메뉴 감사합니다,5,5,5,----사장님 답글이 없어요 ----,이미지는 없어요
2021년 7월 23일,사동,BHC-안산사동점,hh**님,2021년 7월 23일,양념치킨/1,양념치킨 맛있어용 ㅋㅋㅋ 잘먹었습니다,5,5,5,----사장님 답글이 없어요 ----,이미지는 없어요
2021년 7월 23일,사동,BHC-안산사동점,pr**님,2021년 7월 23일,뿌링클 콤보/1,양도많고 맛있어요 !! 오자마자 드세요,5,5,5,----사장님 답글이 없어요 ----,https://rev-static.yogiyo.co.kr/1761a0f2e36702ffb377dbbb88cbc85b_tn.jpg
2021년 7월 22일,사동,BHC-안산사동점,ku**님,2021년 7월 22일,맛초킹 스틱/1,와이프가 다이어트를 포기할만큼 맛있다고 합니다 잘 먹었습니다,5,5,5,----사장님 답글이 없어요 ----,https://rev-static.yogiyo.co.kr/469fd5ee6e59696847ca45dbec84c789_tn.jpg
2021년 7월 22일,사동,BHC-안산사동점,cw**님,2021년 7월 22일,"맛초킹/1,뿌링미니콜팝/1",양도 많은편이며 맛있어요,5,5,5,----사장님 답글이 없어요 ----,https://rev-static.yogiyo.co.kr/9af30756c959981d7b8a8f14a59a8c46_tn.jpg
2021년 7월 22일,사동,BHC-안산사동점,cw**님,2021년 7월 22일,뿌링클/1,양도 많은편이며 맛있어요,5,5,5,----사장님 답글이 없어요 ----,https://rev-static.yogiyo.co.kr/e3c536ba44736e586027ca66194fb6cf_tn.jpg
2021년 7월 22일,사동,BHC-안산사동점,   손님,2021년 7월 22일,"포테킹 후라이드 콤보/1(옵션(치킨무)),펌치킨＋치즈볼/1",맛있네요 ♡♡♡♡♡,5,5,5,----사장님 답글이 없어요 ----,이미지는 없어요
2021년 7월 22일,사동,BHC-안산사동점,go**님,2021년 7월 22일,후라이드 콤보/1,"갠적으로 기본 후라이드, 기본양념은 bhc가 가장 좋아요",5,5,5,----사장님 답글이 없어요 ----,이미지는 없어요
2021년 7월 22일,사동,BHC-안산사동점,tl**님,2021년 7월 22일,후라이드 윙/1(변경&추가(맵소사소스 추가)),믿고먹는 치킨~~맛도좋고 양도 많아요~~,5,5,5,----사장님 답글이 없어요 ----,https://rev-static.yogiyo.co.kr/d586d263bc8a43b1a2132aa6e2b45dfb_tn.jpg
2021년 7월 22일,사동,BHC-안산사동점,an**님,2021년 7월 22일,뿌링클순살/1(변경&추가(맵소사소스 추가)),맛있어요요툐요요요요요,5,5,5,----사장님 답글이 없어요 ----,https://rev-static.yogiyo.co.kr/61eb2b2ff7d0111e96091a0f1e3f9dae_tn.jpg
2021년 7월 22일,사동,BHC-안산사동점,an**님,2021년 7월 22일,뿌링클순살/1,맛있어요요요요요요용,5,5,5,----사장님 답글이 없어요 ----,https://rev-static.yogiyo.co.kr/05bbe93afd1a6f6c5f40925f5f90f674_tn.jpg
2021년 7월 22일,사동,BHC-안산사동점,ar**님,2021년 7월 22일,후라이드 반／양념 반/1,늘 맛있는치킨!개인적으로 후라이드가 정말 최고네요,5,5,5,----사장님 답글이 없어요 ----,https://rev-static.yogiyo.co.kr/2b99a3ff7e2c91687c5ff1289b64111c_tn.jpg
2021년 7월 22일,사동,BHC-안산사동점,gh**님,2021년 7월 22일,맛초킹 스틱/1,배달도 빠르고 맛있습니다,5,5,5,----사장님 답글이 없어요 ----,https://rev-static.yogiyo.co.kr/767cad21a285b20b9e4fb9d6559dd5b5_tn.jpg
2021년 7월 22일,사동,BHC-안산사동점,co**님,2021년 7월 22일,후라이드/1,맛있어요~ 바삭바삭 근데 배달은 문앞에 두고가달라 했는데 딩동~ 대면배달 받았어요~ 요청사항 읽어주시면 좋을듯!,5,5,4,----사장님 답글이 없어요 ----,https://rev-static.yogiyo.co.kr/5881351ea854288c201d7998e6ddfc61_tn.jpg
2021년 7월 22일,사동,BHC-안산사동점,ak**님,2021년 7월 22일,레드킹/1,ㅣ,3,3,3,----사장님 답글이 없어요 ----,이미지는 없어요
2021년 7월 21일,사동,BHC-안산사동점,su**님,2021년 7월 21일,후라이드/1,너무 느끼했어요ㅠㅠ기름이 덜 빠진걸까요?,3,5,5,----사장님 답글이 없어요 ----,https://rev-static.yogiyo.co.kr/857acc1d403afa4790a19cbd137824b3_tn.jpg
2021년 7월 21일,사동,BHC-안산사동점,db**님,2021년 7월 21일,포테킹 후라이드/1,오랜만에 먹는데 변함없네요,5,5,5,----사장님 답글이 없어요 ----,https://rev-static.yogiyo.co.kr/18eed9e393d5abd97c683c70e9215640_tn.jpg
2021년 7월 21일,사동,BHC-안산사동점,dk**님,2021년 7월 21일,"뿌링빅콜팝/1,빨간소떡/1",잘 먹었습니다!!!,5,5,5,----사장님 답글이 없어요 ----,https://rev-static.yogiyo.co.kr/6e981e1662404403f6d4570057edf46c_tn.jpg
2021년 7월 21일,사동,BHC-안산사동점,dk**님,2021년 7월 21일,맛초킹순살/1,잘 먹었습니다!!!,5,5,5,----사장님 답글이 없어요 ----,https://rev-static.yogiyo.co.kr/1687aba5c594c4f7d4e6077670ec0695_tn.jpg
2021년 7월 21일,사동,BHC-안산사동점,ky**님,2021년 7월 21일,바삭클/1,너무 맛있게 잘먹었어요,5,5,5,----사장님 답글이 없어요 ----,이미지는 없어요
2021년 7월 21일,사동,BHC-안산사동점,al**님,2021년 7월 21일,뿌링클＋치즈볼/1,중복이라 배달시간이 음청 늦을거라 생각하고 조금 일찍 시켰는데..생각보다 일찍 배달되어뜨끈뜨끈 하게 맛나게 잘 먹었답니다^^아이들이 뿌링클 넘 좋아해요..오늘도 역시나 너무 맛나게 잘 먹었습니다.,5,5,5,----사장님 답글이 없어요 ----,https://rev-static.yogiyo.co.kr/84d3e527418851b917b2efdde818099a_tn.jpg
2021년 7월 21일,사동,BHC-안산사동점,yu**님,2021년 7월 21일,핫후라이드/1,오늘은 치킨이 다른날보다 메말랐다고해냐하나...살도 퍽퍽하고  후라이드 색상도 좀 많이 어둡네요...,3,3,5,----사장님 답글이 없어요 ----,https://rev-static.yogiyo.co.kr/b6d110d7d1271a8c207d66a60258b3d4_tn.jpg
2021년 7월 21일,사동,BHC-안산사동점,qs**님,2021년 7월 21일,"뿌링클/1,맛초킹/1,케이준프라이/1",맛잇읍니나!!!!!!,5,5,5,----사장님 답글이 없어요 ----,https://rev-static.yogiyo.co.kr/687c8b9bf4984e8d3edefad85a704964_tn.jpg
2021년 7월 21일,사동,BHC-안산사동점,ra**님,2021년 7월 21일,맛초킹 콤보/1,맛초킹을 넘는 신메뉴가 나왔으면..,5,5,5,----사장님 답글이 없어요 ----,이미지는 없어요
2021년 7월 21일,사동,BHC-안산사동점,ra**님,2021년 7월 21일,맛초킹 콤보/1,bhc는 맛초킹 콤보!,5,5,5,----사장님 답글이 없어요 ----,이미지는 없어요
2021년 7월 20일,사동,BHC-안산사동점,pk**님,2021년 7월 20일,"포테킹 후라이드 콤보/1,후라이드/1,생맥주1000cc/3",넘 맛있게 먹고 있어요^^,5,5,5,----사장님 답글이 없어요 ----,이미지는 없어요
2021년 7월 20일,사동,BHC-안산사동점,wo**님,2021년 7월 20일,후라이드 윙/1(디저트(뿌링치즈스틱)),주방장이  바뀌셨나   ㆍㆍ 윙  튀김옷이  너무  두꺼워서  ㅜ ㅜ 느끼하고   최악이었네요,1,3,4,----사장님 답글이 없어요 ----,이미지는 없어요
2021년 7월 20일,사동,BHC-안산사동점,ag**님,2021년 7월 20일,후라이드/1,완전개실망 입니다. 미리조리해논거 주신건 아니겠지만 껍질을씹으니 즙처럼 기름이나오던군요.내인생 치킨에 생소한경험 입니다.아주 감사합니다 .,1,3,5,----사장님 답글이 없어요 ----,이미지는 없어요
2021년 7월 20일,사동,BHC-안산사동점,12**님,2021년 7월 20일,뿌링클/1,잘 먹었습니다,5,5,5,----사장님 답글이 없어요 ----,https://rev-static.yogiyo.co.kr/80e54205c9a82b971c33a95899693869_tn.jpg
2021년 7월 20일,사동,BHC-안산사동점,mu**님,2021년 7월 20일,후라이드/1,"할인해서 처음 시켜봤는데, 지금껏 겪지 못한 튀김옷이었습니다. 신선한 바삭함이 느껴지네요. 단골 될 것 같습니다.",5,5,5,----사장님 답글이 없어요 ----,https://rev-static.yogiyo.co.kr/4503252849d2c4556c878795c8ae7e6e_tn.jpg
2021년 7월 20일,사동,BHC-안산사동점,je**님,2021년 7월 20일,골드킹/1,맛있어요 골드킹~,5,5,5,----사장님 답글이 없어요 ----,이미지는 없어요
2021년 7월 19일,사동,BHC-안산사동점,yu**님,2021년 7월 19일,뿌링클/1,너무 맛있게 먹었어요~,5,5,5,----사장님 답글이 없어요 ----,https://rev-static.yogiyo.co.kr/2bede05420650cc2c8bd9041fe10ebcf_tn.jpg
2021년 7월 19일,사동,BHC-안산사동점,hy**님,2021년 7월 19일,포테킹 후라이드 콤보/1,포테킹 정말 맛있네요,5,5,5,----사장님 답글이 없어요 ----,이미지는 없어요
2021년 7월 19일,사동,BHC-안산사동점,ck**님,2021년 7월 19일,뿌링클 콤보/1,ㅋㅋㅋㅋㅋㅋㅋㅋ 개꿀맛,5,5,5,----사장님 답글이 없어요 ----,이미지는 없어요
2021년 7월 19일,사동,BHC-안산사동점,qq**님,2021년 7월 19일,뿌링클 콤보/1(디저트(뿌링치즈볼)),너모너무너모너무 맛있어영,5,5,5,----사장님 답글이 없어요 ----,https://rev-static.yogiyo.co.kr/fa0c58490aa668639d6bbd7d21200e50_tn.jpg
2021년 7월 19일,사동,BHC-안산사동점,mi**님,2021년 7월 19일,후라이드/1(옵션(콜라1.25L)),맛있어요!#식후감,4,4,4,----사장님 답글이 없어요 ----,이미지는 없어요
2021년 7월 19일,사동,BHC-안산사동점,jy**님,2021년 7월 19일,뿌링클 콤보/1,짱!짱  맛있어요 양념도 많고  아이들이 넘좋아해요,5,5,5,----사장님 답글이 없어요 ----,이미지는 없어요
2021년 7월 19일,사동,BHC-안산사동점,ez**님,2021년 7월 19일,"맛초킹/1,포테킹 후라이드/1",포페킹은 조금 느끼함이 강하고 마초킹은 맵기가 약하네요.,4,4,4,----사장님 답글이 없어요 ----,https://rev-static.yogiyo.co.kr/afdf14e493f8608406f17fb733617c9c_tn.jpg
2021년 7월 19일,사동,BHC-안산사동점,yu**님,2021년 7월 19일,핫후라이드/1,제가 후라이드를 시켰는지 주문서를 다시보고 이상해서 글을남겨요... 치킨은 바삭하고 맛있는데 제가 갠적으로 단게싫어서 양념보다 후라이드를 선호하는편인데 매운게땡겨서 매운맛으로 핫후라이드를 시켰는데....그냥 후라이드랑 뭔차이인가요? 매운소스온것도 사진에도 보다싶이 먹다가 좀 줄긴했지만 다들 아실만한 작은통에 반마리도 찍어먹을수도없는? 그정도이고 맛은 약간에 칼칼한맛에 양념소스이지만 찍어먹어야 핫치킨이 되는건지요? 메뉴에쓰여진 매운맛의 정석이란건 뭐가 정석인지요? 아이러니하네요... 후라이드라 그렇게 매운건 기대않했지만 좀 그렇네요.,1,5,5,----사장님 답글이 없어요 ----,https://rev-static.yogiyo.co.kr/47dfd832dbfd28eec353a5a072dcba2e_tn.jpg
2021년 7월 19일,사동,BHC-안산사동점,dl**님,2021년 7월 19일,핫후라이드/1,잘 먹었습니다.,5,5,5,----사장님 답글이 없어요 ----,이미지는 없어요
2021년 7월 19일,사동,BHC-안산사동점,dk**님,2021년 7월 19일,뿌링빅콜팝/1(디저트(빨간소떡)),잘 먹었습니다!!!,5,5,5,----사장님 답글이 없어요 ----,https://rev-static.yogiyo.co.kr/70972fec027a0c946f76d66c4415ea59_tn.jpg
2021년 7월 18일,사동,BHC-안산사동점,li**님,2021년 7월 18일,"뿌링클순살/1(변경&추가(뿌링뿌링소스 추가),디저트(뿌링핫도그),옵션(콜라1.25L))",배달도 예상 시간보다 빠르고 맛있어요~~,5,5,5,----사장님 답글이 없어요 ----,이미지는 없어요
2021년 7월 18일,사동,BHC-안산사동점,86**님,2021년 7월 18일,골드킹 콤보/1,정말 맛있습니다.ㅋㅋㅋ,5,5,5,----사장님 답글이 없어요 ----,이미지는 없어요
2021년 7월 18일,사동,BHC-안산사동점,dy**님,2021년 7월 18일,후라이드 반／양념 반/1,오랜만에 치킨 먹으니까 맛있어요 ㅎㅎ,5,5,5,----사장님 답글이 없어요 ----,이미지는 없어요
2021년 7월 17일,사동,BHC-안산사동점,ha**님,2021년 7월 17일,"골드킹/1(변경&추가(뿌링뿌링소스 추가),디저트(달콤바삭치즈볼))",요기요에서 첫 주문인데 넘 맛있어요~~~~~♡♡♡,5,5,5,----사장님 답글이 없어요 ----,https://rev-static.yogiyo.co.kr/91ea9970ae2094cd8d1462c0f86b37ba_tn.jpg
2021년 7월 17일,사동,BHC-안산사동점,th**님,2021년 7월 17일,뿌링클/1(변경&추가(뿌링뿌링소스 추가)),맛있게잘먹었습니다,5,5,5,----사장님 답글이 없어요 ----,이미지는 없어요
2021년 7월 17일,사동,BHC-안산사동점,yu**님,2021년 7월 17일,맛초킹/1,위에 올려진 고추도 싱싱하고 단짠단짠~♡맛있게 잘먹었습니다.,5,5,5,----사장님 답글이 없어요 ----,https://rev-static.yogiyo.co.kr/4dc6f88650fa05651985a20045e0dc11_tn.jpg
2021년 7월 17일,사동,BHC-안산사동점,bb**님,2021년 7월 17일,맛초킹/1,맛있어요~~~~~~,5,5,5,----사장님 답글이 없어요 ----,https://rev-static.yogiyo.co.kr/1afafbd7c97f587922d02f7e8c687a6f_tn.jpg
2021년 7월 17일,사동,BHC-안산사동점,40**님,2021년 7월 17일,"포테킹 후라이드 콤보/1(디저트(달콤바삭치즈볼,뿌링치즈스틱))",배달이 빨라서 치킨이 엄청 뜨겁게 왔어요ㅋㅋ 치즈스틱도 쫙쫙늘어나고 너무 맛있습니다,5,5,5,----사장님 답글이 없어요 ----,이미지는 없어요
2021년 7월 17일,사동,BHC-안산사동점,so**님,2021년 7월 17일,뿌링클 윙/1,맛나료너무 ㅎㅎㅎㅎ,5,5,5,----사장님 답글이 없어요 ----,이미지는 없어요
2021년 7월 16일,사동,BHC-안산사동점,pj**님,2021년 7월 16일,뿌링클순살/1,많이파세요,5,5,5,----사장님 답글이 없어요 ----,이미지는 없어요
2021년 7월 16일,사동,BHC-안산사동점,ch**님,2021년 7월 16일,하바네로 포테킹 후라이드/1,소스 정말 맛있어요.,5,5,5,----사장님 답글이 없어요 ----,https://rev-static.yogiyo.co.kr/ddcf9b3e8571c349f8d2a434df439a1c_tn.jpg
2021년 7월 16일,사동,BHC-안산사동점,   손님,2021년 7월 16일,"뿌링클/1(변경&추가(뿌링뿌링소스 추가),옵션(콜라1.25L)),맛초킹/1",맛초킹이 청량이 아니라 전혀 안매워서 아쉽긴했어도 맛있어요👍,5,5,5,----사장님 답글이 없어요 ----,이미지는 없어요
2021년 7월 15일,사동,BHC-안산사동점,re**님,2021년 7월 15일,하바네로 포테킹 후라이드/1,치킨브랜드중 제일 제 입맛에 맞아요 맛있어요,5,5,5,----사장님 답글이 없어요 ----,이미지는 없어요
2021년 7월 15일,사동,BHC-안산사동점,il**님,2021년 7월 15일,뿌링클순살/1(옵션(콜라1.25L)),맛있어용🤩💖💖💖💖,5,5,5,----사장님 답글이 없어요 ----,https://rev-static.yogiyo.co.kr/912638cbecd8b03a3d397ab566204a00_tn.jpg
2021년 7월 13일,사동,BHC-안산사동점,ot**님,2021년 7월 13일,"하바네로 포테킹 후라이드/1(디저트(뿌링소떡),옵션(콜라1.25L))",복날이라 한시간 이상 걸렸어요 그래서 별하나 뺏어요 치킨은 맛나게 잘먹었답니다,5,5,4,----사장님 답글이 없어요 ----,이미지는 없어요
2021년 7월 10일,사동,BHC-안산사동점,gw**님,2021년 7월 10일,뿌링클 콤보＋치즈볼/1,very good！！,5,5,5,----사장님 답글이 없어요 ----,이미지는 없어요
2021년 7월 9일,사동,BHC-안산사동점,gg**님,2021년 7월 9일,"포테킹 후라이드 콤보/1(변경&추가(스윗하바네로소스),디저트(뿌링치즈볼),옵션(치킨무))",사진과 좀 다르긴 하지만  맛있게 먹었습니다,4,3,2,----사장님 답글이 없어요 ----,이미지는 없어요
2021년 7월 7일,사동,BHC-안산사동점,so**님,2021년 7월 7일,"핫후라이드/1,코카-콜라 1.25L/1",맛있게 잘먹었어요~,5,5,5,----사장님 답글이 없어요 ----,https://rev-static.yogiyo.co.kr/d6af9b694a1010593b06a59a1ef94120_tn.jpg
2021년 7월 7일,사동,BHC-안산사동점,fb**님,2021년 7월 7일,"맛초킹/1,빨간소떡/1,코카-콜라 1.25L/1",맛있게 잘 먹었습니다:)!!,5,5,5,----사장님 답글이 없어요 ----,https://rev-static.yogiyo.co.kr/9146907df72ad998a624b322a171c41a_tn.jpg
2021년 7월 6일,사동,BHC-안산사동점,ar**님,2021년 7월 6일,후라이드/1,바삭바삭하고 샛노란게 정말 너무나 먹음직스럽네요시킬때마다 너무 맛있게나와서 치킨시킬때마다 여기만 시키게되네요 번창하세요!!,5,5,5,----사장님 답글이 없어요 ----,https://rev-static.yogiyo.co.kr/42ddac130b4548b6c8c2262981de6b92_tn.jpg
2021년 7월 5일,사동,BHC-안산사동점,dk**님,2021년 7월 5일,골드킹 콤보＋치즈볼/1(디저트(빨간소떡)),잘 먹었습니다!!!,5,5,5,----사장님 답글이 없어요 ----,https://rev-static.yogiyo.co.kr/f9fde2917a9ad582038dcb5d5ce9ce5c_tn.jpg
2021년 7월 5일,사동,BHC-안산사동점,im**님,2021년 7월 5일,뿌링클/1,맛있게 잘먹었어요...사진은 못찍었네요,5,5,5,----사장님 답글이 없어요 ----,이미지는 없어요
2021년 7월 4일,사동,BHC-안산사동점,il**님,2021년 7월 4일,"후라이드 반／양념 반/1,치킨무/1,뿌링클 콤보＋치즈볼/1",6키로 감량하고 내장지방이 빠져서 내장이 섭섭해할까봐 새로운 지방이를 채워줬어요😊,5,5,5,----사장님 답글이 없어요 ----,https://rev-static.yogiyo.co.kr/4a211873bdb6f6ccc8785266ce384986_tn.jpg
2021년 7월 3일,사동,BHC-안산사동점,bm**님,2021년 7월 3일,빠텐더/1,너무맛나요~~~~~~~~~,5,5,5,----사장님 답글이 없어요 ----,이미지는 없어요
2021년 7월 2일,사동,BHC-안산사동점,tn**님,2021년 7월 2일,"뿌링클순살/1(디저트(뿌링치즈볼)),뿌링빅콜팝/1",양도 많았고 맜있었어요,5,5,5,----사장님 답글이 없어요 ----,이미지는 없어요
2021년 7월 1일,사동,BHC-안산사동점,wa**님,2021년 7월 1일,"뿌링클 콤보/1,맛초킹 콤보＋치즈볼/1",맛도있고 배달도 빠르고 다 좋았어요,5,5,5,----사장님 답글이 없어요 ----,이미지는 없어요
2021년 6월 30일,사동,BHC-안산사동점,pl**님,2021년 6월 30일,골드킹/1,배달 빠르게 왔고 잘 먹었습니당,5,5,5,----사장님 답글이 없어요 ----,이미지는 없어요
2021년 6월 29일,사동,BHC-안산사동점,ba**님,2021년 6월 29일,"뿌링클/1,뿌링소떡/1(디저트(뿌링멘보샤))",너무 맛있었어요! 통새우멘보샤 맛있네요^^,5,5,5,----사장님 답글이 없어요 ----,이미지는 없어요
2021년 6월 28일,사동,BHC-안산사동점,fv**님,2021년 6월 28일,"핫후라이드/1(변경&추가(맵소사소스 추가),옵션(콜라1.25L,양념소스,치킨무)),콜팝치킨/1,스윗하바네로소스/1",JMT JMT JMT,5,5,5,----사장님 답글이 없어요 ----,이미지는 없어요
2021년 6월 28일,사동,BHC-안산사동점,al**님,2021년 6월 28일,골드킹 순살/1,배달도 빠르고 친절하세요~~~,4,4,5,----사장님 답글이 없어요 ----,이미지는 없어요
2021년 6월 26일,사동,BHC-안산사동점,   손님,2021년 6월 26일,"뿌링클HOT/1,뿌링핫도그/3",맛있게 잘먹었습니다~^^,5,5,5,----사장님 답글이 없어요 ----,이미지는 없어요
2021년 6월 26일,사동,BHC-안산사동점,ky**님,2021년 6월 26일,뿌링클 콤보＋치즈볼/1(디저트(케이준프라이)),맛있어요맛있어요맛있어요맛있어요,5,5,5,----사장님 답글이 없어요 ----,이미지는 없어요
2021년 6월 26일,사동,BHC-안산사동점,   손님,2021년 6월 26일,"뿌링뿌링소스/1,뿌링클 콤보＋치즈볼/1",맛있게 잘먹었습니다~^^,5,5,5,----사장님 답글이 없어요 ----,이미지는 없어요
2021년 6월 26일,사동,BHC-안산사동점,ul**님,2021년 6월 26일,핫후라이드/1,아주맛있어요 배달도빠르고요,5,5,5,----사장님 답글이 없어요 ----,https://rev-static.yogiyo.co.kr/09b00c3a3795bafeb3e627718de1cfef_tn.jpg
2021년 6월 25일,사동,BHC-안산사동점,zp**님,2021년 6월 25일,뿌링클순살/1(디저트(달콤바삭치즈볼)),배달도 빨리오고 양도많이왔어요! 정말맛있게 먹었네요!!,5,5,5,----사장님 답글이 없어요 ----,https://rev-static.yogiyo.co.kr/d22a3a405568acddc89e97172932ef96_tn.jpg
2021년 6월 23일,사동,BHC-안산사동점,rl**님,2021년 6월 23일,맛초킹/1(옵션(콜라1.25L)),늘 감사하게 먹고있어용,5,5,5,----사장님 답글이 없어요 ----,https://rev-static.yogiyo.co.kr/569f485da3dc0f68f31daac313cc3705_tn.jpg
2021년 6월 22일,사동,BHC-안산사동점,ch**님,2021년 6월 22일,하바네로 포테킹/1,바삭해서 넘맛있어요.소스도 살짝ㅁㅐ콤하니 진짜맛있네요,5,5,5,----사장님 답글이 없어요 ----,https://rev-static.yogiyo.co.kr/5efcc3bcd477d8e5a47f0f491c0787db_tn.jpg
2021년 6월 21일,사동,BHC-안산사동점,mi**님,2021년 6월 21일,뿌링클/1,뿌링클은 진리입니다.,5,5,5,----사장님 답글이 없어요 ----,https://rev-static.yogiyo.co.kr/8a5777472dcf92e2c83cf5659943b314_tn.jpg
2021년 6월 20일,사동,BHC-안산사동점,ti**님,2021년 6월 20일,뿌링클/1,닭이 타 지점보다 조금 작은 거 같긴 하네요.살도 적고 근데 맛있게 먹었어요.,5,3,5,----사장님 답글이 없어요 ----,https://rev-static.yogiyo.co.kr/678e6e90f81771123ddadaee5a149c12_tn.jpg
2021년 6월 20일,사동,BHC-안산사동점,ra**님,2021년 6월 20일,"뿌링클 콤보/1,후라이드 반／양념 반/1,코카-콜라 1.25L/1",뿌링클은 언제나 존맛탱이죠~~그치만  오늘은 겉살속살 좀딱딱?했어요~~후반양반은 바삭하니 부들하니 맛났네요~,5,5,5,----사장님 답글이 없어요 ----,이미지는 없어요
2021년 6월 20일,사동,BHC-안산사동점,47**님,2021년 6월 20일,맛초킹＋치즈볼/1,맛있습니다~!!🤩👍🏻,5,5,5,----사장님 답글이 없어요 ----,이미지는 없어요
2021년 6월 19일,사동,BHC-안산사동점,qs**님,2021년 6월 19일,뿌링클/1(디저트(뿌링소떡)),존x맛있습니다.진짜,5,5,5,----사장님 답글이 없어요 ----,https://rev-static.yogiyo.co.kr/d231c4b0fd6835d20c7f7ca8ab1464df_tn.jpg
2021년 6월 19일,사동,BHC-안산사동점,cu**님,2021년 6월 19일,뿌링클/1,매번 먹는 메뉴라...맛있었어요 ~^^,5,4,4,----사장님 답글이 없어요 ----,이미지는 없어요
2021년 6월 19일,사동,BHC-안산사동점,   손님,2021년 6월 19일,맛초킹 콤보＋치즈볼/1,간만에 맛나게 먹었네요 ㅎ,5,5,5,----사장님 답글이 없어요 ----,이미지는 없어요
2021년 6월 19일,사동,BHC-안산사동점,kj**님,2021년 6월 19일,뿌링클/1,너무맛있어요다른번호로 뿌링클 맛초킹 주문했는데 요청사항대로 같이배송해주시고 콜라도 1.25리터 주셨네요잘먹었어요,5,5,5,----사장님 답글이 없어요 ----,https://rev-static.yogiyo.co.kr/be3a140cb4b623ef11bc5adbbc4b24b2_tn.jpg
2021년 6월 18일,사동,BHC-안산사동점,10**님,2021년 6월 18일,핫후라이드/1,"맛있읍니다,,,^^",5,5,5,----사장님 답글이 없어요 ----,https://rev-static.yogiyo.co.kr/a5ca8a91a2d7ddcf48fa9b5ad6aa14ee_tn.jpg
2021년 6월 18일,사동,BHC-안산사동점,rh**님,2021년 6월 18일,뿌링클/1,배달 빨라요 ^^덕분에 잘 먹었습니다 ^^,5,5,5,----사장님 답글이 없어요 ----,이미지는 없어요
2021년 6월 17일,사동,BHC-안산사동점,co**님,2021년 6월 17일,뿌링클/1,맛있게 잘 먹었습니다~,5,5,5,----사장님 답글이 없어요 ----,이미지는 없어요
2021년 6월 16일,사동,BHC-안산사동점,dk**님,2021년 6월 16일,뿌링클순살/1,잘 먹었습니다!!!,5,5,5,----사장님 답글이 없어요 ----,https://rev-static.yogiyo.co.kr/54f9fd796ed10d1bdfb8deeb68e4e439_tn.jpg
2021년 6월 16일,사동,BHC-안산사동점,rp**님,2021년 6월 16일,맛초킹순살/1(디저트(케이준프라이)),오늘 메모 남겨주신거 정말 감사했습니다.제일 맛있어서 시키는데 앞으로도 단골하겠습니다,5,5,5,----사장님 답글이 없어요 ----,https://rev-static.yogiyo.co.kr/460a37ce17b4ee651b462801338bc66b_tn.jpg
2021년 6월 16일,사동,BHC-안산사동점,10**님,2021년 6월 16일,핫후라이드/1,이 메뉴가 젤나음ㅇㅇㅇㅇ,5,5,5,----사장님 답글이 없어요 ----,https://rev-static.yogiyo.co.kr/06f2092712626108f8e7015b9c1cf437_tn.jpg
2021년 6월 16일,사동,BHC-안산사동점,ki**님,2021년 6월 16일,후라이드 반／양념 반/1,배달도 빠르고 맛있게 잘먹었습니다,5,5,5,----사장님 답글이 없어요 ----,이미지는 없어요
2021년 6월 15일,사동,BHC-안산사동점,ss**님,2021년 6월 15일,뿌링클/1,낮에하는 치맥 맛있어요 배달오신분도 친절하셔서 좋아요,5,5,5,----사장님 답글이 없어요 ----,https://rev-static.yogiyo.co.kr/f3b23a7111ff3926dd2117bea01c364e_tn.jpg
2021년 6월 14일,사동,BHC-안산사동점,5q**님,2021년 6월 14일,뿌링클/1,넘 맛있구 배달도 엄청 빨리 오네요감사합니다~🥰,5,5,5,----사장님 답글이 없어요 ----,https://rev-static.yogiyo.co.kr/a32d7bc4632e3e2981687cfd7608bf3d_tn.jpg
2021년 6월 8일,사동,BHC-안산사동점,12**님,2021년 6월 8일,뿌링클 콤보/1,잘 먹었습니다,5,5,5,----사장님 답글이 없어요 ----,https://rev-static.yogiyo.co.kr/8ed979611c9169f04c3cb37f89473ba7_tn.jpg
2021년 6월 8일,사동,BHC-안산사동점,ky**님,2021년 6월 8일,"후라이드/1,양념치킨/1",잘받았습니다.잘 잘먹었습니다,4,5,5,----사장님 답글이 없어요 ----,이미지는 없어요
2021년 6월 8일,사동,BHC-안산사동점,dk**님,2021년 6월 8일,"뿌링빅콜팝/1,빨간소떡/1",잘 먹었습니다!!!,5,5,5,----사장님 답글이 없어요 ----,https://rev-static.yogiyo.co.kr/a8f14cfd5c2a857e1a031ff089bfaac8_tn.jpg
2021년 6월 7일,사동,BHC-안산사동점,je**님,2021년 6월 7일,뿌링클/1,배달이 빠르고 맛있습니다!,5,5,5,----사장님 답글이 없어요 ----,https://rev-static.yogiyo.co.kr/b39380abe4dc4087ba0871d6c6eae510_tn.jpg
2021년 6월 7일,사동,BHC-안산사동점,fu**님,2021년 6월 7일,후라이드 콤보/1,맛있게 잘 먹었습니다,5,5,5,----사장님 답글이 없어요 ----,https://rev-static.yogiyo.co.kr/f339b76366ad1efa3e81559111437baa_tn.jpg
2021년 6월 7일,사동,BHC-안산사동점,al**님,2021년 6월 7일,"핫후라이드/1(변경&추가(스윗하바네로소스),변경&추가(맵소사소스 추가),옵션(치킨무))",맛있게 잘 먹었어용~ 오늘은 살짝 기름이 조금 느끼 하긴 했어용ㅜ,5,5,5,----사장님 답글이 없어요 ----,https://rev-static.yogiyo.co.kr/5b3f4e668765af90fa92e253fc3f8bc2_tn.jpg
2021년 6월 6일,사동,BHC-안산사동점,ra**님,2021년 6월 6일,맛초킹/1,오늘은 주말에 행사때문에 그런지 딱딱하고 튀김 상태가 좀 아쉽네요. 그래도 맛있어요.,4,4,4,----사장님 답글이 없어요 ----,https://rev-static.yogiyo.co.kr/1bd5ed567785a61d0c63fe1e2e54603d_tn.jpg
2021년 6월 6일,사동,BHC-안산사동점,ul**님,2021년 6월 6일,핫후라이드/1,믿고먹는핫후라이드아주맛잇어요,5,5,5,----사장님 답글이 없어요 ----,https://rev-static.yogiyo.co.kr/9a0e928948cc7ae4c77159e13e58a229_tn.jpg
2021년 6월 6일,사동,BHC-안산사동점,an**님,2021년 6월 6일,뿌링빅콜팝/1(옵션(콜라1.25L)),배달이 빠르고 맛있어요,5,5,5,----사장님 답글이 없어요 ----,이미지는 없어요
2021년 6월 6일,사동,BHC-안산사동점,kk**님,2021년 6월 6일,맛초킹/1(디저트(뿌링감자)),"맛초킹, 뿌링감자 ~ 맛있어요^^",5,5,5,----사장님 답글이 없어요 ----,https://rev-static.yogiyo.co.kr/6a7e51fb066ac3586714b5f0280cb338_tn.jpg
2021년 6월 6일,사동,BHC-안산사동점,zi**님,2021년 6월 6일,바삭클/1,바삭바삭 맛있어요 배달도 빠름,5,5,5,----사장님 답글이 없어요 ----,https://rev-static.yogiyo.co.kr/71a3b02e4f680537a3310585d3b41453_tn.jpg
2021년 6월 6일,사동,BHC-안산사동점,dl**님,2021년 6월 6일,후라이드 반／양념 반/1,여기 사장님 적어도 10년이상 치킨 튀기신듯?ㅎㅎ그만큼 정말 튀김깨끗하고 후라이드반 양념반시켰는데정말 맛있네요,5,5,5,----사장님 답글이 없어요 ----,이미지는 없어요
2021년 6월 5일,사동,BHC-안산사동점,fb**님,2021년 6월 5일,"맛초킹/1,왕콜팝/1,빨간소떡/1",맛초킹 가끔씩 생각나요ㅠ 맛있게먹었습니다:),5,5,5,----사장님 답글이 없어요 ----,https://rev-static.yogiyo.co.kr/42c7975adf5778b1076be3870393f217_tn.jpg
2021년 6월 5일,사동,BHC-안산사동점,fb**님,2021년 6월 5일,"뿌링클/1(옵션(콜라1.25L)),미니콜팝/1",쁘링클과 콜팝은 언제나 사랑입니다♡,5,5,5,----사장님 답글이 없어요 ----,https://rev-static.yogiyo.co.kr/02118529733a49eccaed866eca9661d3_tn.jpg
2021년 6월 5일,사동,BHC-안산사동점,ry**님,2021년 6월 5일,핫후라이드/1,맛있게 잘 먹었습니다,5,5,5,----사장님 답글이 없어요 ----,이미지는 없어요
2021년 6월 5일,사동,BHC-안산사동점,ki**님,2021년 6월 5일,"뿌링클/1,레드킹/1",치킨은 bhc 추천합니다~^^,5,5,5,----사장님 답글이 없어요 ----,이미지는 없어요
2021년 6월 5일,사동,BHC-안산사동점,su**님,2021년 6월 5일,뿌링클 콤보/1,😀😀😀😀😀😀😀😀😀,4,4,4,----사장님 답글이 없어요 ----,이미지는 없어요
2021년 6월 5일,사동,BHC-안산사동점,xh**님,2021년 6월 5일,뿌링클 콤보/1,닭이 전에비해 좀 작아진것 같네요 그래도 뭐 잘먹었어요,4,3,3,----사장님 답글이 없어요 ----,https://rev-static.yogiyo.co.kr/5bf138caef2ce7d9571c2fe24795b2cf_tn.jpg
2021년 6월 5일,사동,BHC-안산사동점,su**님,2021년 6월 5일,맛초킹/1,양념이 좀 짜고 닭이 평소보다 작았어요....사진은 못찍어서 뿌링클로 대체했습니다ㅜㅜ,3,3,5,----사장님 답글이 없어요 ----,https://rev-static.yogiyo.co.kr/05bad95a3dafd711014115aa8a672a8a_tn.jpg
2021년 6월 5일,사동,BHC-안산사동점,th**님,2021년 6월 5일,뿌링클/1(변경&추가(뿌링뿌링소스 추가)),맛있게잘먹었습니다,5,5,5,----사장님 답글이 없어요 ----,이미지는 없어요
2021년 6월 4일,사동,BHC-안산사동점,r_**님,2021년 6월 4일,커리퀸순살/1,커리치킨은 처음 시켜봤는데 제입맛엔 맞지않네요. 다음엔 맛초킹으로 시켜야겠습니다.,3,5,5,----사장님 답글이 없어요 ----,이미지는 없어요
2021년 6월 4일,사동,BHC-안산사동점,ju**님,2021년 6월 4일,핫후라이드/1,맛있게 잘 먹었습니다.,5,5,5,----사장님 답글이 없어요 ----,https://rev-static.yogiyo.co.kr/ec00ee0d4f917ba9b85ad1efe142295f_tn.jpg
2021년 6월 4일,사동,BHC-안산사동점,sh**님,2021년 6월 4일,맛초킹/1,맛있었어요.후라이드만 좋아하는 입앗인데 양념굿배달이  밀러서 식어서 바삭함이  없어 아쉬워요할인행사 아닐때 맛초킹 한 번 더 주문해야겠어요배달하시는 분 문자가 친절해 후기 남겨요.후기 안스는 1인임.,4,4,5,----사장님 답글이 없어요 ----,https://rev-static.yogiyo.co.kr/03c2410ebc8e23b77e6dcd4d7a62f57f_tn.jpg
2021년 6월 4일,사동,BHC-안산사동점,10**님,2021년 6월 4일,핫후라이드/1,"맛있네욤,,,,^^",5,5,5,----사장님 답글이 없어요 ----,https://rev-static.yogiyo.co.kr/45c65f5e9d7f975b4ca7dfe09819273e_tn.jpg
2021년 6월 4일,사동,BHC-안산사동점,ki**님,2021년 6월 4일,뿌링클순살/1,맛있어요~~~~~~~,5,5,5,----사장님 답글이 없어요 ----,이미지는 없어요
2021년 6월 4일,사동,BHC-안산사동점,in**님,2021년 6월 4일,뿌링클순살/1,동봉된 소스에 찍어먹으니 더 맛있네요.약간 짭조름하고 바삭한 식감 살아있네요.,4,5,5,----사장님 답글이 없어요 ----,이미지는 없어요
2021년 6월 4일,사동,BHC-안산사동점,kb**님,2021년 6월 4일,뿌링클/1,다음에 또 시킬게요,5,5,5,----사장님 답글이 없어요 ----,https://rev-static.yogiyo.co.kr/691d2d0bfe21049009a1602c1163f3c0_tn.jpg
2021년 6월 4일,사동,BHC-안산사동점,rl**님,2021년 6월 4일,"빅콜팝/1,달콤바삭치즈볼/1,양념소스/1,뿌링뿌링소스/1",양념소스 추가해서 시켰는데 진짜 많이 주셨어요. 감사합니다~,5,5,5,----사장님 답글이 없어요 ----,이미지는 없어요
2021년 6월 3일,사동,BHC-안산사동점,ra**님,2021년 6월 3일,맛초킹/1,맛초킹은 늘 맛있어요.,4,5,5,----사장님 답글이 없어요 ----,https://rev-static.yogiyo.co.kr/ff426ef075120aa127deb235f9c50b60_tn.jpg
2021년 6월 3일,사동,BHC-안산사동점,gu**님,2021년 6월 3일,뿌링클/1,넘 맛있어요~^^ 배달도 빠르고 좋아요,5,5,5,----사장님 답글이 없어요 ----,이미지는 없어요
2021년 6월 3일,사동,BHC-안산사동점,yu**님,2021년 6월 3일,양념치킨/1,맛있게 잘먹었습니다.,5,5,5,----사장님 답글이 없어요 ----,https://rev-static.yogiyo.co.kr/e989dc2e822fd4b7cc995bd70c27a8d9_tn.jpg
2021년 6월 3일,사동,BHC-안산사동점,tj**님,2021년 6월 3일,"맛초킹순살/1(디저트(뿌링소떡,케이준프라이))",잘먹엇습니다 감튀는 생각보다 양 적군요,5,5,5,----사장님 답글이 없어요 ----,https://rev-static.yogiyo.co.kr/82225246254ab1df546c12a6cf13df12_tn.jpg
2021년 6월 3일,사동,BHC-안산사동점,me**님,2021년 6월 3일,골드킹 콤보/1,맛있게 잘 먹었습니다.,5,5,3,----사장님 답글이 없어요 ----,이미지는 없어요
2021년 6월 3일,사동,BHC-안산사동점,sa**님,2021년 6월 3일,빅콜팝/1(디저트(뿌링치즈볼)),배송도빠르고.앗있게잘먹었습니다.,5,4,5,----사장님 답글이 없어요 ----,이미지는 없어요
2021년 6월 3일,사동,BHC-안산사동점,co**님,2021년 6월 3일,후라이드/1,후라이드는 역시 비에이치씨가 최고,5,5,5,----사장님 답글이 없어요 ----,https://rev-static.yogiyo.co.kr/a8d32bd51ac4a77c7fd051f4600efd11_tn.jpg
2021년 6월 3일,사동,BHC-안산사동점,ru**님,2021년 6월 3일,맛초킹순살/1,처음 먹어봤는데 엄청 맵지도않고 짭조름하게 입맛을 돋구어주네요맛있게 잘먹었습니다,5,5,5,----사장님 답글이 없어요 ----,https://rev-static.yogiyo.co.kr/c3775bd86a55f7552c4aaa9425714b6a_tn.jpg
2021년 6월 2일,사동,BHC-안산사동점,01**님,2021년 6월 2일,후라이드 반／양념 반/1,맛잇어요~~후라이드굿,5,5,5,----사장님 답글이 없어요 ----,https://rev-static.yogiyo.co.kr/8ae5f9e27ff95ce83bdfb1270bf9c02c_tn.jpg
2021년 6월 2일,사동,BHC-안산사동점,xe**님,2021년 6월 2일,후라이드 반／양념 반/1(옵션(치킨무)),자주 이용하는 매장이에요.다만 다좋은데 포장이 안되네요,5,5,5,요기요 포장은 방문시간을 고객이 요청사항메 적는경우가 많아서예약저희점포 일하는 시스템하고 안맞는거 같아 포장은 당분간 불가로 설정되어있습니다예약주문은  바쁜타임에 놓칠수가있어서  서로간의 기분상하는일이 있습니다 죄송합니다 조만간 포장주문도 원활히 될수있도록 해보겠습니다,https://rev-static.yogiyo.co.kr/d52f5cf5b1c10aa837e615fd24f897fe_tn.jpg
2021년 6월 2일,사동,BHC-안산사동점,ry**님,2021년 6월 2일,후라이드 반／양념 반/1,맛있게 잘 먹었습니다~,5,5,5,----사장님 답글이 없어요 ----,https://rev-static.yogiyo.co.kr/e2ebe218c838e8c9813c775f793a7c0d_tn.jpg
2021년 6월 2일,사동,BHC-안산사동점,sh**님,2021년 6월 2일,핫후라이드/1,믿고 먹는 bhc! 너무 맛있어요! 빠른 배달 감사합니다!!,5,5,5,----사장님 답글이 없어요 ----,https://rev-static.yogiyo.co.kr/28ba54d6c9b1f8c95d5e6496dd6bb7fc_tn.jpg
2021년 6월 1일,사동,BHC-안산사동점,qq**님,2021년 6월 1일,뿌링클/1(디저트(달콤바삭치즈볼)),맛있어요용용요용용용,5,5,5,----사장님 답글이 없어요 ----,https://rev-static.yogiyo.co.kr/94b6175e95e781eec7d3fbafc8d87cbb_tn.jpg
2021년 6월 1일,사동,BHC-안산사동점,kw**님,2021년 6월 1일,맛초킹/1,매콤짭짤해서 밥이랑 같이 먹어도 맛있어요~,5,5,5,----사장님 답글이 없어요 ----,https://rev-static.yogiyo.co.kr/864369635858fed140066a74186a9939_tn.jpg
2021년 6월 1일,사동,BHC-안산사동점,je**님,2021년 6월 1일,뿌링클/1,배달도 빠르고 양도 많으니 좋아요,5,5,5,----사장님 답글이 없어요 ----,https://rev-static.yogiyo.co.kr/d7295842a9c5739d7aafb5cf62db1646_tn.jpg
2021년 6월 1일,사동,BHC-안산사동점,31**님,2021년 6월 1일,뿌링클 콤보/1,뿌링클 맛나요~^.^아이들이 넘나 좋아해요~♡잘먹었습니다~^또올께요~^^,5,5,5,----사장님 답글이 없어요 ----,https://rev-static.yogiyo.co.kr/a08b6d8189e58c95b3823b3f3e39e773_tn.jpg
2021년 5월 31일,사동,BHC-안산사동점,mk**님,2021년 5월 31일,뿌링클순살/1,맛있어욤ㅎㅎㅎㅎㅎㅎ,5,5,5,----사장님 답글이 없어요 ----,이미지는 없어요
2021년 5월 31일,사동,BHC-안산사동점,ta**님,2021년 5월 31일,맛초킹 콤보/1,저번주 bhc데이라서 매일 먹었네요,5,5,5,----사장님 답글이 없어요 ----,이미지는 없어요
2021년 5월 31일,사동,BHC-안산사동점,ta**님,2021년 5월 31일,뿌링클 콤보/1,사진을 못찍었어요 굿굿,5,5,5,----사장님 답글이 없어요 ----,이미지는 없어요
2021년 5월 31일,사동,BHC-안산사동점,ta**님,2021년 5월 31일,펌치킨/1,bhc는 전메뉴 다 맛있어요,5,5,5,----사장님 답글이 없어요 ----,https://rev-static.yogiyo.co.kr/fbe0ea5c2ea2e02d03ba07881f7adad9_tn.jpg
2021년 5월 31일,사동,BHC-안산사동점,lx**님,2021년 5월 31일,핫후라이드/1,맛있어요!!!!!!!!!,5,5,5,----사장님 답글이 없어요 ----,이미지는 없어요
2021년 5월 30일,사동,BHC-안산사동점,ge**님,2021년 5월 30일,후라이드 반／양념 반/1,맛잇게 잘먹었어용ㅎㅎ,5,5,5,----사장님 답글이 없어요 ----,이미지는 없어요
2021년 5월 30일,사동,BHC-안산사동점,dy**님,2021년 5월 30일,후라이드 반／양념 반/1,맛있어요~~,5,5,5,----사장님 답글이 없어요 ----,https://rev-static.yogiyo.co.kr/29fedd4d44bf659c47ad784a52c151a4_tn.jpg
2021년 5월 30일,사동,BHC-안산사동점,an**님,2021년 5월 30일,핫후라이드/1,역시 bhc네요. 맛있었습니다핫후라이드 짱짱,5,5,5,----사장님 답글이 없어요 ----,이미지는 없어요
2021년 5월 30일,사동,BHC-안산사동점,da**님,2021년 5월 30일,포테킹 후라이드/1,맛과 양 모두 만족~ 포테이토와 치킨의 조합 나름 괜찮았지만 좀더 바싹했으면 좋았을듯^^,5,5,5,----사장님 답글이 없어요 ----,https://rev-static.yogiyo.co.kr/316ab26d7d96d2d2edd14e864fce174e_tn.jpg
2021년 5월 30일,사동,BHC-안산사동점,yu**님,2021년 5월 30일,뿌링클/1(옵션(콜라1.25L)),간만에 아이들이랑 맛있게 먹었어요,3,3,3,----사장님 답글이 없어요 ----,이미지는 없어요
2021년 5월 30일,사동,BHC-안산사동점,tc**님,2021년 5월 30일,핫후라이드/1,늘 변함없이 맛있어요,5,5,5,----사장님 답글이 없어요 ----,이미지는 없어요
2021년 5월 29일,사동,BHC-안산사동점,dl**님,2021년 5월 29일,뿌링클순살/1,역시..뿌링클 맛있어욤~ ㅎㅎ,5,5,5,----사장님 답글이 없어요 ----,https://rev-static.yogiyo.co.kr/c905e7b5124cdeb185fcb78097ccb2b8_tn.jpg
2021년 5월 29일,사동,BHC-안산사동점,yh**님,2021년 5월 29일,맛초킹 윙/1(디저트(뿌링치즈볼)),역시밥과함께~ 맛초킹!잘먹었어요,5,5,5,----사장님 답글이 없어요 ----,https://rev-static.yogiyo.co.kr/3faf595b7498be6a7ac071becab5032d_tn.jpg
2021년 5월 29일,사동,BHC-안산사동점,sj**님,2021년 5월 29일,"뿌링클 콤보/1(디저트(달콤바삭치즈볼),옵션(콜라1.25L))",감사합니다사업 번창하세요~~^^,5,5,5,----사장님 답글이 없어요 ----,이미지는 없어요
2021년 5월 29일,사동,BHC-안산사동점,1c**님,2021년 5월 29일,후라이드/1,다른 곳 보다 정말 맛있는 곳 입니다,5,5,5,----사장님 답글이 없어요 ----,이미지는 없어요
2021년 5월 29일,사동,BHC-안산사동점,ch**님,2021년 5월 29일,핫후라이드/1,우리동네 치킨맛집ㅎㅎ잘 먹었습니다~!,5,5,5,----사장님 답글이 없어요 ----,https://rev-static.yogiyo.co.kr/dd6445fcdcbfe1cf3c9abf5fed4b1bfb_tn.jpg
2021년 5월 28일,사동,BHC-안산사동점,10**님,2021년 5월 28일,핫후라이드/1,아 배ㅜㄹ러 아 배불러,5,5,5,----사장님 답글이 없어요 ----,https://rev-static.yogiyo.co.kr/4f0de6b19c1d9ba4e40b9cb182c2a28f_tn.jpg
2021년 5월 28일,사동,BHC-안산사동점,sa**님,2021년 5월 28일,후라이드/1,맛있게 잘 먹었어요.배달 빨라서 더 좋았어요,4,4,5,----사장님 답글이 없어요 ----,이미지는 없어요
2021년 5월 28일,사동,BHC-안산사동점,db**님,2021년 5월 28일,후라이드/1,깨끗한 느낌의 튀김옷 너무 좋네요 ! 잘 먹엇습니다,5,5,5,----사장님 답글이 없어요 ----,이미지는 없어요
